报告期,报表核心指标,*所有者权益（或股东权益）合计,*资产合计,*负债合计,*归属于母公司所有者权益合计,报表全部指标,流动资产,货币资金,交易性金融资产,应收票据及应收账款,其中：应收票据,应收账款,预付款项,其他应收款合计,其他应收款,存货,其他流动资产,总现金,流动资产合计,非流动资产,可供出售金融资产,长期股权投资,其他非流动金融资产,投资性房地产,固定资产合计,其中：固定资产,固定资产清理,在建工程合计,其中：在建工程,工程物资,无形资产,商誉,长期待摊费用,递延所得税资产,其他非流动资产,非流动资产合计,资产合计,流动负债,短期借款,以公允价值计量且其变动计入当期损益的金融负债,衍生金融负债,应付票据及应付账款,其中：应付票据,应付账款,预收款项,合同负债,应付职工薪酬,应交税费,其他应付款合计,其中：应付利息,应付股利,其他应付款,一年内到期的非流动负债,其他流动负债,流动负债合计,非流动负债,长期借款,长期应付款合计,其中：长期应付款,预计负债,递延所得税负债,递延收益-非流动负债,其他非流动负债,非流动负债合计,负债合计,所有者权益（或股东权益）,实收资本（或股本）,资本公积,减：库存股,其他综合收益,盈余公积,未分配利润,归属于母公司所有者权益合计,少数股东权益,所有者权益（或股东权益）合计,负债和所有者权益（或股东权益）合计
2025-09-30,,112.64亿,251.67亿,139.03亿,107.04亿,,,35.48亿,2.42亿,53.25亿,9914.01万,52.26亿,4.44亿,5.26亿,False,33.98亿,3.22亿,37.90亿,145.18亿,,False,4.66亿,9.78亿,False,43.92亿,False,False,3.31亿,False,False,20.42亿,14.64亿,3710.65万,4.48亿,1.87亿,106.49亿,251.67亿,,36.26亿,5.99万,False,51.00亿,1.41亿,49.60亿,7.41万,3.57亿,2.55亿,1.27亿,4.05亿,False,False,False,13.90亿,3.85亿,116.46亿,,14.67亿,106.57万,False,1064.92万,3.88亿,2.01亿,False,22.57亿,139.03亿,,15.62亿,16.31亿,6001.34万,-1.64亿,5.94亿,71.42亿,107.04亿,5.60亿,112.64亿,251.67亿
2025-06-30,,110.18亿,252.67亿,142.49亿,104.60亿,,,36.01亿,2.34亿,54.40亿,9877.66万,53.41亿,4.45亿,5.40亿,5.40亿,34.78亿,2.70亿,38.35亿,146.58亿,,False,4.68亿,9.82亿,False,42.29亿,42.29亿,False,4.49亿,4.49亿,False,20.66亿,14.68亿,3743.08万,4.36亿,1.82亿,106.09亿,252.67亿,,29.09亿,216.09万,False,51.57亿,5460.43万,51.03亿,96.49万,2.88亿,2.14亿,1.34亿,5.06亿,False,False,5.06亿,22.63亿,3.63亿,118.38亿,,16.22亿,113.06万,113.06万,2493.34万,3.83亿,1.88亿,False,24.12亿,142.49亿,,15.62亿,16.34亿,6001.34万,-1.30亿,5.94亿,68.60亿,104.60亿,5.57亿,110.18亿,252.67亿
2025-03-31,,108.69亿,245.39亿,136.70亿,103.45亿,,,32.65亿,1.74亿,53.26亿,1.77亿,51.49亿,4.20亿,6.07亿,False,34.49亿,2.36亿,34.38亿,141.91亿,,False,4.60亿,9.11亿,False,41.95亿,False,False,4.24亿,False,False,21.15亿,14.59亿,3793.89万,4.25亿,1.44亿,103.48亿,245.39亿,,21.36亿,False,False,51.33亿,5890.18万,50.75亿,47.48万,3.12亿,1.99亿,1.34亿,5.25亿,False,False,False,19.32亿,3.41亿,107.12亿,,21.62亿,196.98万,False,1439.00万,3.73亿,1.83亿,7469.37万,29.58亿,136.70亿,,13.03亿,18.98亿,6001.34万,-1.76亿,5.94亿,67.87亿,103.45亿,5.25亿,108.69亿,245.39亿
2024-12-31,,114.00亿,263.17亿,149.18亿,100.35亿,,,31.87亿,1.82亿,57.00亿,2.31亿,54.68亿,3.56亿,1.89亿,False,36.17亿,3.31亿,33.69亿,143.58亿,,False,4.54亿,9.27亿,False,55.58亿,False,False,5.17亿,False,False,21.40亿,14.59亿,3700.17万,4.40亿,1.77亿,119.59亿,263.17亿,,23.16亿,18.91万,False,54.74亿,1.66亿,53.07亿,35.07万,3.39亿,2.94亿,1.71亿,5.99亿,False,False,False,21.80亿,3.66亿,117.40亿,,23.14亿,1777.51万,False,1329.33万,3.73亿,1.81亿,7220.19万,31.78亿,149.18亿,,13.03亿,18.99亿,6001.34万,-2.23亿,5.94亿,65.18亿,100.35亿,13.65亿,114.00亿,263.17亿
2024-09-30,,112.54亿,260.33亿,147.78亿,98.79亿,,,28.60亿,1411.77万,59.32亿,2.06亿,57.26亿,4.50亿,4.07亿,False,34.16亿,2.74亿,28.74亿,140.98亿,,False,4.61亿,10.00亿,False,52.01亿,False,False,7.59亿,False,False,20.30亿,14.54亿,3613.82万,4.24亿,2.00亿,119.34亿,260.33亿,,21.92亿,18.91万,False,53.38亿,1.99亿,51.39亿,72.13万,4.74亿,2.45亿,1.31亿,6.84亿,False,False,False,23.59亿,1.64亿,115.88亿,,23.01亿,1231.56万,False,1684.08万,3.73亿,1.53亿,7815.74万,31.90亿,147.78亿,,13.08亿,19.61亿,1.26亿,-4.47亿,5.49亿,66.30亿,98.79亿,13.76亿,112.54亿,260.33亿
2024-06-30,,111.10亿,255.49亿,144.39亿,97.85亿,,,26.43亿,2255.44万,56.44亿,2.25亿,54.20亿,4.21亿,3.47亿,3.47亿,35.06亿,2.75亿,26.65亿,137.91亿,,False,5.73亿,8.56亿,False,52.01亿,52.01亿,False,6.93亿,6.93亿,False,20.61亿,14.58亿,3655.86万,4.27亿,1.39亿,117.57亿,255.49亿,,21.68亿,18.91万,False,52.51亿,3.93亿,48.58亿,79.35万,3.71亿,2.30亿,1.26亿,7.98亿,False,False,7.98亿,15.50亿,9271.52万,105.88亿,,29.63亿,216.36万,216.36万,1690.93万,3.83亿,1.58亿,7507.42万,38.50亿,144.39亿,,13.08亿,19.73亿,1.16亿,-4.46亿,5.49亿,65.15亿,97.85亿,13.25亿,111.10亿,255.49亿
2024-03-31,,109.42亿,248.36亿,138.95亿,96.27亿,,,24.19亿,2042.48万,53.28亿,1.52亿,51.76亿,4.27亿,3.27亿,False,34.31亿,2.57亿,24.40亿,132.80亿,,False,6.28亿,8.44亿,False,52.03亿,False,False,4.89亿,False,False,19.94亿,14.57亿,3874.79万,3.91亿,1.90亿,115.57亿,248.36亿,,15.35亿,22.13万,False,51.66亿,3.71亿,47.95亿,28.01万,3.42亿,2.18亿,1.57亿,7.78亿,False,False,False,16.53亿,1.45亿,99.95亿,,29.87亿,179.74万,False,2332.91万,3.91亿,1.57亿,7508.01万,39.00亿,138.95亿,,13.11亿,19.91亿,1.10亿,-4.60亿,5.49亿,63.44亿,96.27亿,13.14亿,109.42亿,248.36亿
2023-12-31,,107.02亿,246.64亿,139.62亿,94.08亿,,,26.47亿,1440.37万,50.28亿,1.66亿,48.61亿,3.89亿,3.15亿,3.15亿,34.05亿,2.05亿,26.62亿,130.80亿,,False,6.22亿,8.44亿,False,49.71亿,49.65亿,511.15万,7.23亿,7.23亿,False,19.87亿,14.59亿,3818.62万,4.04亿,1.87亿,115.84亿,246.64亿,,11.98亿,22.13万,False,51.91亿,4.61亿,47.31亿,39.20万,3.60亿,2.89亿,1.89亿,9.12亿,False,False,9.12亿,12.85亿,1.29亿,95.52亿,,34.81亿,349.78万,349.78万,1835.23万,3.91亿,1.49亿,1.07亿,44.10亿,139.62亿,,13.11亿,19.68亿,8716.17万,-4.57亿,5.49亿,61.22亿,94.08亿,12.94亿,107.02亿,246.64亿
2023-09-30,,111.33亿,255.07亿,143.74亿,98.18亿,,,28.82亿,1462.91万,52.46亿,1.96亿,50.50亿,4.58亿,4.71亿,False,35.29亿,1.53亿,28.96亿,139.79亿,,False,8.78亿,8.19亿,1.17亿,46.54亿,False,False,4.09亿,False,False,18.71亿,14.12亿,4014.74万,3.88亿,5.26亿,115.27亿,255.07亿,,16.88亿,82.04万,False,53.81亿,9.27亿,44.54亿,407.09万,2.79亿,2.56亿,1.66亿,7.13亿,False,False,False,10.31亿,1.68亿,96.88亿,,37.88亿,748.28万,False,2804.85万,3.51亿,1.32亿,1.11亿,46.86亿,143.74亿,,13.11亿,19.98亿,8851.75万,-4.68亿,5.40亿,65.26亿,98.18亿,13.15亿,111.33亿,255.07亿
2023-06-30,,110.42亿,252.79亿,142.37亿,97.31亿,,,28.82亿,1089.57万,54.59亿,2.06亿,52.53亿,5.47亿,3.79亿,3.79亿,33.72亿,1.57亿,28.92亿,137.60亿,,False,8.79亿,7.88亿,1.17亿,46.05亿,46.05亿,False,5.65亿,5.65亿,False,17.89亿,14.17亿,4283.66万,3.80亿,5.95亿,115.19亿,252.79亿,,17.39亿,215.71万,False,53.69亿,6.38亿,47.31亿,805.21万,2.05亿,2.31亿,1.87亿,7.73亿,False,False,7.73亿,5.24亿,2.19亿,92.58亿,,40.90亿,764.12万,764.12万,2569.63万,3.29亿,1.30亿,1.11亿,49.78亿,142.37亿,,13.11亿,20.04亿,8851.75万,-4.38亿,5.40亿,64.03亿,97.31亿,13.11亿,110.42亿,252.79亿
2023-03-31,,104.81亿,238.13亿,133.32亿,92.60亿,,,23.05亿,4.25万,52.19亿,2.07亿,50.12亿,4.29亿,6.77亿,False,32.94亿,1.58亿,23.05亿,130.68亿,,False,8.67亿,7.53亿,False,43.48亿,False,False,6.21亿,False,False,16.79亿,14.52亿,4299.00万,3.88亿,2.62亿,107.44亿,238.13亿,,14.87亿,False,8388.38万,48.43亿,8.10亿,40.32亿,False,2.79亿,2.14亿,1.80亿,6.32亿,False,False,False,11.19亿,2.27亿,90.63亿,,33.79亿,344.23万,False,2297.48万,3.39亿,1.34亿,1.10亿,42.68亿,133.32亿,,13.15亿,20.14亿,1.13亿,-5.51亿,5.40亿,60.55亿,92.60亿,12.21亿,104.81亿,238.13亿
2022-12-31,,101.41亿,234.46亿,133.05亿,89.90亿,,,23.05亿,547.57万,46.78亿,2.00亿,44.78亿,4.47亿,6.86亿,6.10亿,32.68亿,1.46亿,23.11亿,125.51亿,,False,11.90亿,6.75亿,False,43.47亿,43.47亿,False,5.50亿,5.50亿,False,15.94亿,14.56亿,4494.49万,3.64亿,3.09亿,108.95亿,234.46亿,,18.29亿,161.86万,False,48.77亿,8.69亿,40.09亿,407.45万,2.80亿,2.59亿,1.45亿,6.28亿,False,False,6.28亿,13.12亿,2.48亿,95.84亿,,28.39亿,346.72万,346.72万,1840.75万,3.16亿,1.36亿,1.46亿,37.21亿,133.05亿,,13.15亿,19.91亿,1.13亿,-5.40亿,5.40亿,57.97亿,89.90亿,11.51亿,101.41亿,234.46亿
2022-09-30,,100.52亿,234.28亿,133.76亿,88.71亿,,,25.77亿,False,46.75亿,1.33亿,45.42亿,2.87亿,5.45亿,False,31.84亿,7416.58万,25.77亿,126.75亿,,False,12.10亿,7.15亿,False,41.70亿,False,False,4.71亿,False,False,14.65亿,14.58亿,8256.11万,3.91亿,2.87亿,107.54亿,234.28亿,,20.77亿,False,468.57万,48.31亿,15.29亿,33.01亿,25.12万,3.32亿,2.03亿,1.98亿,5.10亿,False,False,False,25.37亿,1.89亿,108.81亿,,15.79亿,184.45万,False,1487.87万,3.28亿,1.17亿,1.40亿,24.95亿,133.76亿,,13.15亿,19.91亿,1.44亿,-6.12亿,4.80亿,58.40亿,88.71亿,11.81亿,100.52亿,234.28亿
2022-06-30,,98.94亿,234.15亿,135.21亿,87.42亿,,,25.88亿,False,46.64亿,1.23亿,45.41亿,4.20亿,5.44亿,5.30亿,31.06亿,7158.85万,25.88亿,128.19亿,,False,11.95亿,7.15亿,False,41.67亿,41.67亿,False,4.14亿,4.14亿,False,14.08亿,14.38亿,5087.98万,3.95亿,3.17亿,105.97亿,234.15亿,,28.45亿,False,401.14万,50.89亿,14.99亿,35.89亿,279.20万,2.94亿,1.73亿,1.73亿,5.96亿,False,False,5.96亿,21.90亿,1.51亿,115.16亿,,10.71亿,171.29万,171.29万,1669.80万,3.35亿,1.24亿,1.40亿,20.05亿,135.21亿,,13.15亿,19.79亿,1.48亿,-6.36亿,4.80亿,57.52亿,87.42亿,11.52亿,98.94亿,234.15亿
2022-03-31,,92.81亿,222.71亿,129.90亿,83.98亿,,,24.45亿,False,43.74亿,9410.71万,42.79亿,3.14亿,3.11亿,False,29.62亿,1.03亿,24.45亿,117.83亿,,False,11.71亿,6.81亿,False,40.89亿,False,False,4.49亿,False,False,14.67亿,14.16亿,5492.33万,3.84亿,3.14亿,104.88亿,222.71亿,,25.95亿,False,False,47.50亿,13.29亿,34.21亿,119.10万,2.66亿,1.62亿,1.67亿,4.70亿,False,False,False,18.26亿,1.01亿,103.37亿,,17.05亿,1807.58万,False,1545.23万,3.39亿,1.24亿,1.40亿,26.53亿,129.90亿,,13.15亿,19.71亿,1.48亿,-6.72亿,4.80亿,54.51亿,83.98亿,8.83亿,92.81亿,222.71亿
2021-12-31,,89.94亿,220.13亿,130.19亿,82.01亿,,,23.38亿,False,38.12亿,1.03亿,37.09亿,2.72亿,7.15亿,7.15亿,29.99亿,1.36亿,23.38亿,116.10亿,,False,11.65亿,6.79亿,False,41.90亿,41.90亿,False,3.79亿,3.79亿,False,14.28亿,14.20亿,5877.14万,3.90亿,2.50亿,104.03亿,220.13亿,,26.42亿,False,False,45.03亿,12.88亿,32.15亿,3.69万,2.91亿,2.18亿,1.18亿,5.99亿,False,False,5.99亿,16.91亿,1.81亿,102.41亿,,18.00亿,2021.75万,2021.75万,1363.06万,3.30亿,1.24亿,1.72亿,27.78亿,130.19亿,,13.15亿,19.74亿,1.48亿,-6.74亿,4.80亿,52.53亿,82.01亿,7.92亿,89.94亿,220.13亿
2021-09-30,,87.02亿,223.51亿,136.49亿,79.93亿,,,27.11亿,False,39.67亿,False,39.67亿,5.00亿,1.80亿,False,31.48亿,1.55亿,27.11亿,123.63亿,,False,12.50亿,5.65亿,False,40.90亿,False,False,4.76亿,False,False,12.79亿,14.41亿,5602.51万,3.67亿,9504.58万,99.88亿,223.51亿,,28.92亿,False,False,47.42亿,15.98亿,31.44亿,326.06万,4.50亿,1.84亿,1.08亿,4.91亿,False,False,False,10.07亿,2952.46万,99.08亿,,28.78亿,2146.97万,False,1672.25万,2.30亿,1.13亿,2.39亿,37.41亿,136.49亿,,13.15亿,20.14亿,1.90亿,-5.61亿,4.34亿,49.81亿,79.93亿,7.08亿,87.02亿,223.51亿
2021-06-30,,86.33亿,216.90亿,130.57亿,79.73亿,,,21.97亿,False,41.65亿,False,41.65亿,5.46亿,1.63亿,1.63亿,30.29亿,2.02亿,21.97亿,119.05亿,,False,12.41亿,5.65亿,False,40.82亿,40.82亿,False,3.84亿,3.84亿,False,12.79亿,14.13亿,6101.09万,3.70亿,1.06亿,97.85亿,216.90亿,,19.29亿,False,False,48.07亿,13.52亿,34.55亿,589.77万,4.67亿,1.75亿,1.56亿,5.40亿,False,56.94万,5.40亿,12.89亿,3793.73万,94.07亿,,27.90亿,2341.36万,2341.36万,1440.99万,2.26亿,1.25亿,2.40亿,36.51亿,130.57亿,,13.15亿,20.15亿,1.50亿,-5.66亿,4.34亿,49.26亿,79.73亿,6.60亿,86.33亿,216.90亿
2021-03-31,,82.96亿,208.99亿,126.03亿,77.28亿,,,21.49亿,False,35.09亿,False,35.09亿,4.63亿,1.99亿,False,29.02亿,1.20亿,21.49亿,108.18亿,,False,12.18亿,4.93亿,4.30亿,39.75亿,False,False,4.42亿,False,False,13.12亿,13.88亿,5881.76万,4.01亿,1.44亿,100.81亿,208.99亿,,22.02亿,False,False,39.51亿,10.66亿,28.85亿,2342.09万,3.55亿,1.56亿,1.93亿,5.32亿,False,False,False,12.24亿,2777.62万,86.64亿,,30.81亿,2754.37万,False,1322.24万,2.43亿,1.28亿,2.33亿,39.39亿,126.03亿,,13.09亿,19.65亿,1.06亿,-5.13亿,4.34亿,46.39亿,77.28亿,5.68亿,82.96亿,208.99亿
2020-12-31,,81.85亿,208.17亿,126.32亿,76.26亿,,,22.10亿,False,33.90亿,False,33.90亿,4.53亿,4.09亿,4.09亿,27.24亿,1.55亿,22.10亿,107.82亿,,False,12.02亿,4.93亿,4.30亿,40.25亿,40.25亿,False,3.42亿,3.42亿,False,13.28亿,13.91亿,6946.95万,4.16亿,1.82亿,100.35亿,208.17亿,,23.71亿,False,False,38.63亿,8.25亿,30.38亿,3565.91万,2.95亿,2.11亿,2.08亿,3.89亿,False,56.94万,3.88亿,14.06亿,3560.18万,88.14亿,,29.58亿,3134.90万,3134.90万,1452.31万,2.37亿,1.19亿,2.65亿,38.18亿,126.32亿,,13.09亿,19.65亿,580.80万,-5.83亿,4.34亿,45.07亿,76.26亿,5.59亿,81.85亿,208.17亿
2020-09-30,,79.79亿,206.54亿,126.75亿,74.12亿,,,21.56亿,False,38.30亿,False,38.30亿,2.65亿,4.67亿,False,26.19亿,1.62亿,21.56亿,106.91亿,,False,11.67亿,5.21亿,4.30亿,40.08亿,False,False,3.42亿,False,False,12.39亿,14.07亿,5291.45万,4.02亿,1.61亿,99.63亿,206.54亿,,26.91亿,False,False,35.00亿,7.77亿,27.23亿,3.55亿,False,2.17亿,2.19亿,3.84亿,1183.27万,False,False,10.02亿,2043.43万,83.87亿,,32.90亿,5503.80万,False,125.44万,2.49亿,1.42亿,2.62亿,42.87亿,126.75亿,,13.08亿,19.56亿,580.80万,-5.52亿,3.89亿,43.17亿,74.12亿,5.67亿,79.79亿,206.54亿
2020-06-30,,76.37亿,205.74亿,129.37亿,71.84亿,,,24.96亿,False,36.03亿,False,36.03亿,3.92亿,4.44亿,4.37亿,26.42亿,1.55亿,24.96亿,107.64亿,,False,11.51亿,5.25亿,4.30亿,37.24亿,37.24亿,False,4.23亿,4.23亿,False,12.65亿,13.86亿,5420.89万,3.91亿,2.32亿,98.10亿,205.74亿,,32.99亿,False,False,33.40亿,7.39亿,26.01亿,False,3.83亿,1.91亿,2.04亿,3.74亿,1201.64万,31.85万,3.61亿,6.12亿,2970.25万,84.32亿,,35.29亿,3592.22万,3592.22万,79.38万,2.51亿,1.31亿,2.67亿,45.04亿,129.37亿,,13.08亿,19.53亿,580.80万,-5.17亿,3.89亿,40.56亿,71.84亿,4.53亿,76.37亿,205.74亿
2020-03-31,,74.98亿,198.69亿,123.71亿,70.65亿,,,23.24亿,False,33.40亿,False,33.40亿,2.70亿,4.83亿,False,27.50亿,1.29亿,23.24亿,102.74亿,,False,11.60亿,4.66亿,4.30亿,37.12亿,False,False,3.73亿,False,False,12.42亿,13.84亿,5540.19万,3.84亿,1.55亿,95.96亿,198.69亿,,37.59亿,False,False,30.64亿,7.39亿,23.25亿,False,3.42亿,1.72亿,1.78亿,3.40亿,1100.75万,False,False,7.19亿,3283.58万,86.06亿,,28.38亿,1373.45万,False,421.18万,2.33亿,1.36亿,2.63亿,37.65亿,123.71亿,,13.01亿,19.21亿,1160.42万,-5.19亿,3.89亿,39.83亿,70.65亿,4.34亿,74.98亿,198.69亿
2019-12-31,,74.19亿,197.04亿,122.84亿,69.87亿,,,20.01亿,False,33.39亿,False,33.39亿,3.17亿,4.06亿,3.99亿,27.59亿,1.42亿,20.01亿,101.22亿,,False,11.32亿,4.66亿,4.28亿,37.42亿,37.42亿,False,3.52亿,3.52亿,False,12.52亿,13.77亿,6820.57万,3.88亿,1.68亿,95.82亿,197.04亿,,31.54亿,False,False,34.68亿,9.19亿,25.49亿,3.58亿,False,2.01亿,1.91亿,3.67亿,1067.59万,False,3.56亿,6.90亿,2513.22万,84.55亿,,29.05亿,1610.26万,1610.26万,386.11万,2.31亿,1.34亿,2.59亿,38.29亿,122.84亿,,13.01亿,19.11亿,1160.42万,-4.92亿,3.89亿,38.90亿,69.87亿,4.32亿,74.19亿,197.04亿
2019-09-30,,70.98亿,190.00亿,119.02亿,66.77亿,,,16.62亿,False,43.74亿,10.53亿,33.21亿,2.68亿,7.18亿,False,26.33亿,1.47亿,16.62亿,98.02亿,,False,11.07亿,2.89亿,4.35亿,36.16亿,False,False,4.79亿,False,False,11.89亿,13.31亿,3539.46万,3.51亿,1.31亿,91.98亿,190.00亿,,40.07亿,False,False,33.57亿,10.96亿,22.62亿,3.32亿,False,2.08亿,2.19亿,4.18亿,940.45万,False,False,5.31亿,3887.86万,91.10亿,,19.53亿,1884.35万,False,598.43万,1.46亿,1.45亿,2.72亿,27.92亿,119.02亿,,12.93亿,18.52亿,1160.42万,-4.66亿,2.97亿,37.12亿,66.77亿,4.21亿,70.98亿,190.00亿
2019-06-30,,69.16亿,193.21亿,124.05亿,64.85亿,,,16.87亿,False,47.10亿,11.54亿,35.56亿,3.64亿,8.48亿,8.35亿,24.43亿,1.56亿,16.87亿,102.08亿,,False,10.89亿,2.89亿,4.35亿,36.44亿,36.44亿,False,4.35亿,4.35亿,False,12.04亿,13.18亿,3681.32万,3.53亿,1.17亿,91.13亿,193.21亿,,41.13亿,False,False,35.87亿,10.12亿,25.75亿,3.71亿,False,1.90亿,2.44亿,4.32亿,1317.75万,1004.00万,4.09亿,7.23亿,2968.82万,96.90亿,,18.72亿,2391.15万,2391.15万,627.39万,1.51亿,1.35亿,2.73亿,27.15亿,124.05亿,,12.93亿,18.71亿,1160.42万,-4.76亿,2.97亿,35.11亿,64.85亿,4.30亿,69.16亿,193.21亿
2019-03-31,,67.04亿,187.19亿,120.14亿,62.83亿,,,15.50亿,False,44.93亿,9.79亿,35.14亿,2.83亿,9.24亿,False,23.98亿,1.51亿,15.50亿,97.98亿,,False,2.72亿,9.14亿,4.36亿,36.35亿,False,False,4.24亿,False,False,12.16亿,13.06亿,4005.41万,3.42亿,1.70亿,89.20亿,187.19亿,,41.31亿,False,False,32.58亿,False,False,2.97亿,False,1.59亿,2.25亿,4.32亿,958.81万,False,False,6.64亿,35.13万,91.66亿,,20.30亿,2.71亿,False,543.23万,1.40亿,1.25亿,2.76亿,28.48亿,120.14亿,,12.93亿,18.75亿,1997.94万,-4.89亿,2.97亿,33.25亿,62.83亿,4.22亿,67.04亿,187.19亿
2018-12-31,,64.69亿,184.55亿,119.86亿,60.43亿,,,15.58亿,False,42.91亿,10.91亿,31.99亿,1.95亿,8.97亿,8.90亿,24.60亿,2.08亿,15.58亿,96.08亿,,7.86亿,2.48亿,False,4.29亿,36.85亿,36.85亿,False,4.24亿,4.24亿,False,12.39亿,13.18亿,4225.05万,3.74亿,1.49亿,88.47亿,184.55亿,,36.80亿,False,False,34.30亿,10.13亿,24.17亿,3.38亿,False,1.87亿,2.00亿,4.73亿,715.85万,False,4.66亿,7.86亿,1351.67万,91.07亿,,20.40亿,3391.39万,False,626.42万,1.53亿,1.30亿,2.60亿,28.79亿,119.86亿,,12.93亿,18.62亿,1997.94万,-4.84亿,2.97亿,30.95亿,60.43亿,4.25亿,64.69亿,184.55亿
2018-09-30,,63.00亿,182.88亿,119.88亿,58.79亿,,,17.39亿,False,42.96亿,10.37亿,32.59亿,2.13亿,8.94亿,False,25.38亿,1.15亿,17.39亿,97.95亿,,7.95亿,2.30亿,False,3.66亿,34.53亿,34.53亿,False,5.44亿,5.44亿,False,9.92亿,13.76亿,3748.27万,3.50亿,9173.44万,84.93亿,182.88亿,,33.42亿,False,False,36.04亿,False,False,2.87亿,False,1.34亿,2.27亿,3.58亿,1060.38万,False,False,6.09亿,4916.27万,86.09亿,,26.10亿,4029.52万,4029.52万,727.97万,6290.40万,1.40亿,2.63亿,33.79亿,119.88亿,,12.93亿,18.68亿,1997.94万,-4.63亿,2.85亿,29.16亿,58.79亿,4.21亿,63.00亿,182.88亿
2018-06-30,,61.61亿,179.19亿,117.58亿,57.70亿,,,17.30亿,False,39.37亿,10.36亿,29.01亿,3.20亿,8.70亿,8.63亿,22.14亿,1.20亿,17.30亿,91.91亿,,9.34亿,2.23亿,False,3.63亿,29.60亿,29.60亿,False,6.07亿,6.07亿,False,9.73亿,9.69亿,3753.92万,3.03亿,11.33亿,87.29亿,179.19亿,,32.23亿,False,False,32.19亿,9.76亿,22.43亿,4.05亿,False,1.31亿,2.05亿,4.41亿,1076.58万,4439.47万,3.86亿,6.16亿,1590.37万,82.57亿,,27.31亿,4590.02万,4590.02万,1328.74万,6980.06万,1.37亿,2.62亿,35.02亿,117.58亿,,12.93亿,18.72亿,2115.19万,-4.07亿,2.85亿,27.48亿,57.70亿,3.91亿,61.61亿,179.19亿
2018-03-31,,61.70亿,166.07亿,104.37亿,57.79亿,,,18.60亿,False,37.13亿,8.97亿,28.15亿,1.60亿,9.62亿,9.55亿,22.29亿,1.32亿,18.60亿,90.56亿,,False,2.17亿,False,3.55亿,29.29亿,29.29亿,False,5.19亿,5.19亿,False,9.53亿,9.70亿,2254.72万,2.74亿,10.99亿,75.51亿,166.07亿,,30.55亿,False,False,28.10亿,7.54亿,20.56亿,2.94亿,False,1.08亿,1.93亿,4.00亿,877.22万,False,3.91亿,5.67亿,1418.86万,74.41亿,,22.43亿,2810.46万,2810.46万,2123.47万,6299.71万,1.40亿,2.60亿,29.96亿,104.37亿,,12.93亿,18.85亿,2160.29万,-2.95亿,2.85亿,26.32亿,57.79亿,3.91亿,61.70亿,166.07亿
2017-12-31,,60.47亿,167.75亿,107.29亿,56.60亿,,,20.81亿,False,35.81亿,9.22亿,26.59亿,2.51亿,11.23亿,11.16亿,21.80亿,1.05亿,20.81亿,93.21亿,,9.43亿,2.06亿,False,3.50亿,28.28亿,28.28亿,False,5.21亿,5.21亿,False,9.65亿,9.71亿,3724.93万,3.02亿,1.34亿,74.54亿,167.75亿,,32.19亿,False,False,27.67亿,6.87亿,20.80亿,3.78亿,False,1.60亿,1.84亿,3.16亿,724.49万,False,3.09亿,3.74亿,1526.56万,74.13亿,,25.41亿,3278.36万,3278.36万,1940.56万,7151.84万,1.42亿,2.60亿,33.16亿,107.29亿,,12.89亿,18.67亿,False,-3.82亿,2.85亿,26.00亿,56.60亿,3.87亿,60.47亿,167.75亿
2017-09-30,,62.11亿,174.24亿,112.13亿,57.65亿,,,22.06亿,False,38.18亿,9.62亿,28.56亿,1.91亿,9.82亿,9.75亿,24.35亿,9846.97万,22.06亿,97.30亿,,2.86亿,1.99亿,False,3.50亿,29.04亿,29.04亿,False,4.28亿,4.28亿,False,10.27亿,10.28亿,2368.56万,3.77亿,8.39亿,76.94亿,174.24亿,,31.54亿,False,False,26.17亿,6.26亿,19.91亿,3.92亿,False,1.64亿,2.49亿,3.54亿,False,False,3.54亿,3.79亿,129.05万,73.10亿,,28.54亿,3794.16万,3794.16万,1486.68万,6885.36万,1.46亿,2.78亿,39.03亿,112.13亿,,12.89亿,18.72亿,False,-3.00亿,1.65亿,27.39亿,57.65亿,4.46亿,62.11亿,174.24亿
2017-06-30,,56.79亿,174.34亿,117.55亿,52.09亿,,,23.86亿,False,43.85亿,10.85亿,33.00亿,2.98亿,2.33亿,2.26亿,25.04亿,1.12亿,23.86亿,99.18亿,,3.86亿,1.86亿,False,3.50亿,32.06亿,32.06亿,False,4.83亿,4.83亿,False,11.21亿,10.27亿,4036.06万,4.06亿,9257.83万,75.17亿,174.34亿,,34.23亿,False,False,29.10亿,6.14亿,22.96亿,4.18亿,False,1.31亿,1.18亿,3.41亿,30.69万,5000.00万,2.91亿,3.76亿,1995.60万,77.38亿,,29.51亿,4238.67万,4238.67万,2360.77万,7450.59万,1.44亿,2.76亿,40.17亿,117.55亿,,12.89亿,18.72亿,False,-3.02亿,1.65亿,21.84亿,52.09亿,4.70亿,56.79亿,174.34亿
2017-03-31,,56.18亿,164.71亿,108.53亿,51.56亿,,,23.62亿,False,39.77亿,8.91亿,30.86亿,1.38亿,3.25亿,3.18亿,23.23亿,9924.91万,23.62亿,92.24亿,,3.86亿,1.80亿,False,3.50亿,31.49亿,31.49亿,False,3.99亿,3.99亿,False,10.47亿,10.19亿,3776.32万,3.73亿,8698.24万,72.47亿,164.71亿,,32.51亿,False,False,26.21亿,5.64亿,20.57亿,2.10亿,False,9580.83万,9998.50万,3.37亿,30.69万,5002.40万,2.87亿,4.06亿,1437.05万,70.35亿,,27.53亿,5791.68万,5791.68万,3344.26万,6935.60万,1.48亿,2.81亿,38.17亿,108.53亿,,12.89亿,18.74亿,False,-3.00亿,1.65亿,21.27亿,51.56亿,4.62亿,56.18亿,164.71亿
2016-12-31,,55.74亿,160.82亿,105.07亿,51.14亿,,,21.44亿,False,39.67亿,9.77亿,29.90亿,1.97亿,2.27亿,2.20亿,21.54亿,1.09亿,21.44亿,87.97亿,,3.99亿,1.77亿,False,3.50亿,31.46亿,31.46亿,False,3.85亿,3.85亿,False,10.91亿,10.18亿,3458.63万,3.72亿,1.14亿,72.85亿,160.82亿,,30.75亿,False,False,25.86亿,6.01亿,19.85亿,2.17亿,False,1.32亿,7746.81万,4.49亿,71.67万,5000.00万,3.98亿,4.62亿,1511.20万,70.12亿,,24.34亿,5040.65万,5040.65万,3556.03万,7128.87万,1.47亿,2.79亿,34.95亿,105.07亿,,12.89亿,18.74亿,False,-3.08亿,1.65亿,20.93亿,51.14亿,4.61亿,55.74亿,160.82亿
2016-09-30,,55.23亿,155.32亿,100.09亿,50.51亿,,,18.78亿,False,41.88亿,10.70亿,31.18亿,1.80亿,2.11亿,2.04亿,21.78亿,9150.80万,18.78亿,87.26亿,,4.09亿,1.74亿,False,150.30万,31.11亿,31.11亿,False,4.84亿,4.84亿,False,10.01亿,10.22亿,2272.13万,3.10亿,3830.08万,68.06亿,155.32亿,,31.22亿,False,False,25.63亿,6.38亿,19.25亿,2.85亿,False,1.12亿,1.08亿,6.63亿,False,5002.43万,6.13亿,3.80亿,484.94万,72.38亿,,20.67亿,6736.08万,6736.08万,372.35万,4652.10万,9893.44万,3772.54万,27.71亿,100.09亿,,12.89亿,18.77亿,False,-2.65亿,1.63亿,19.87亿,50.51亿,4.73亿,55.23亿,155.32亿
2016-06-30,,54.84亿,154.40亿,99.56亿,50.40亿,,,22.09亿,False,38.96亿,8.88亿,30.08亿,3.22亿,2.52亿,2.45亿,20.72亿,8277.57万,22.09亿,88.34亿,,4.09亿,1.73亿,False,153.88万,30.93亿,30.93亿,False,3.72亿,3.72亿,False,9.68亿,9.32亿,2284.08万,2.75亿,1.45亿,66.07亿,154.40亿,,26.98亿,68.20万,False,25.06亿,5.35亿,19.71亿,2.96亿,False,9210.25万,9987.79万,17.34亿,False,5249.73万,16.82亿,4.59亿,1770.99万,79.03亿,,14.40亿,2011.82万,2011.82万,493.93万,4288.80万,7991.64万,1687.96万,20.54亿,99.56亿,,12.89亿,18.87亿,False,-2.78亿,1.63亿,19.79亿,50.40亿,4.44亿,54.84亿,154.40亿
2016-03-31,,66.39亿,150.43亿,84.05亿,55.07亿,,,23.09亿,False,36.88亿,8.73亿,28.15亿,1.71亿,2.29亿,2.29亿,21.62亿,7953.43万,23.09亿,86.38亿,,3.09亿,1.70亿,False,157.45万,31.16亿,31.16亿,False,3.09亿,3.09亿,False,9.96亿,9.30亿,2766.44万,2.70亿,9018.08万,64.05亿,150.43亿,,24.15亿,82.10万,False,23.76亿,5.70亿,18.06亿,3.25亿,False,8789.46万,1.20亿,5.52亿,False,5000.00万,5.02亿,4.60亿,1277.98万,63.48亿,,14.42亿,2679.90万,2679.90万,776.03万,4450.10万,8320.43万,1447.36万,20.57亿,84.05亿,,12.89亿,23.05亿,False,-2.48亿,1.63亿,19.98亿,55.07亿,11.32亿,66.39亿,150.43亿
2015-12-31,,49.83亿,140.78亿,90.95亿,38.73亿,,,17.40亿,False,35.08亿,7.73亿,27.35亿,1.63亿,2.20亿,2.20亿,20.65亿,8091.52万,17.40亿,77.77亿,,3.09亿,1.68亿,False,1491.75万,31.09亿,31.09亿,False,2.61亿,2.61亿,False,9.75亿,9.27亿,2109.60万,2.56亿,8758.61万,63.02亿,140.78亿,,30.32亿,179.80万,False,24.59亿,6.20亿,18.39亿,3.15亿,False,1.11亿,1.09亿,5.29亿,False,5000.00万,4.79亿,3.05亿,1619.73万,68.78亿,,16.09亿,2422.27万,2422.27万,639.46万,4741.59万,8331.08万,1516.79万,22.17亿,90.95亿,,11.11亿,9.04亿,False,-2.37亿,1.63亿,19.32亿,38.73亿,11.10亿,49.83亿,140.78亿
2015-09-30,,50.65亿,138.82亿,88.17亿,39.51亿,,,16.61亿,False,37.83亿,7.79亿,30.03亿,1.95亿,2.18亿,2.11亿,20.58亿,6783.80万,16.61亿,79.82亿,,2.89亿,1.87亿,False,164.60万,30.23亿,30.23亿,False,3.28亿,3.28亿,False,7.79亿,8.91亿,376.58万,2.29亿,1911.84万,59.00亿,138.82亿,,28.07亿,115.89万,False,24.71亿,5.87亿,18.85亿,3.45亿,False,9316.88万,9525.28万,3.65亿,False,5000.00万,3.15亿,2.99亿,300.90万,64.80亿,,17.50亿,2753.22万,2753.22万,409.28万,3983.34万,9182.27万,394.63万,23.37亿,88.17亿,,11.11亿,10.26亿,False,-1.70亿,1.51亿,18.34亿,39.51亿,11.14亿,50.65亿,138.82亿
2015-06-30,,49.75亿,136.14亿,86.39亿,38.84亿,,,17.00亿,31.66万,36.63亿,8.20亿,28.43亿,3.63亿,1.59亿,1.52亿,19.40亿,5340.47万,17.01亿,78.78亿,,2.69亿,1.85亿,False,168.18万,29.57亿,29.57亿,False,3.20亿,3.20亿,False,7.34亿,8.87亿,489.01万,2.30亿,1553.42万,57.36亿,136.14亿,,25.91亿,False,False,25.63亿,5.17亿,20.45亿,3.33亿,False,8214.01万,8037.42万,3.58亿,False,8436.28万,2.74亿,2.00亿,422.08万,62.11亿,,18.58亿,2951.82万,2951.82万,511.85万,4197.80万,8746.36万,452.58万,24.29亿,86.39亿,,11.11亿,10.26亿,False,-1.79亿,1.51亿,17.76亿,38.84亿,10.91亿,49.75亿,136.14亿
2015-03-31,,48.72亿,135.29亿,86.57亿,38.34亿,,,19.98亿,8.38万,33.97亿,5.99亿,27.98亿,1.56亿,2.12亿,2.12亿,19.91亿,1.10亿,19.98亿,78.65亿,,2.79亿,1.86亿,False,171.75万,28.82亿,28.82亿,False,3.29亿,3.29亿,False,6.94亿,9.30亿,502.32万,2.16亿,3996.49万,56.64亿,135.29亿,,25.94亿,False,False,23.24亿,4.98亿,18.26亿,2.23亿,False,8921.98万,8781.99万,11.67亿,False,5000.00万,11.17亿,1.99亿,316.14万,66.87亿,,14.00亿,3114.50万,3114.50万,536.33万,5020.99万,8924.42万,446.36万,19.70亿,86.57亿,,11.11亿,10.29亿,False,-1.99亿,1.51亿,17.43亿,38.34亿,10.38亿,48.72亿,135.29亿
2014-12-31,,41.41亿,97.94亿,56.53亿,37.72亿,,,14.75亿,7.92万,22.51亿,4.27亿,18.24亿,1.42亿,9026.76万,9026.76万,13.31亿,1.21亿,14.75亿,54.11亿,,2.79亿,1.65亿,False,175.33万,25.73亿,25.73亿,False,2.51亿,2.51亿,False,6.40亿,1.03亿,428.45万,2.08亿,6052.07万,43.83亿,97.94亿,,17.48亿,False,False,17.97亿,4.45亿,13.52亿,1.14亿,False,1.10亿,6258.37万,2.02亿,False,5000.00万,1.52亿,1.11亿,206.39万,41.46亿,,9.41亿,2611.79万,2611.79万,728.29万,5550.04万,3661.97万,605.89万,15.07亿,56.53亿,,11.11亿,10.29亿,False,-1.64亿,1.51亿,16.45亿,37.72亿,3.69亿,41.41亿,97.94亿
2014-09-30,,40.45亿,93.60亿,53.15亿,36.87亿,,,11.34亿,44.53万,24.37亿,3.36亿,21.01亿,1.04亿,9561.58万,9561.58万,12.34亿,7313.92万,11.35亿,50.78亿,,2.78亿,1.56亿,False,178.90万,24.62亿,24.62亿,False,3.72亿,3.72亿,False,5.57亿,1.00亿,430.09万,1.70亿,3291.14万,42.82亿,93.60亿,,18.57亿,False,False,14.85亿,3.40亿,11.45亿,1.85亿,False,1.16亿,5947.47万,2.12亿,False,5682.74万,1.55亿,1.08亿,False,40.22亿,,7.57亿,4.36亿,4.36亿,691.55万,5415.99万,False,3901.37万,12.93亿,53.15亿,,11.11亿,10.41亿,False,False,1.29亿,14.52亿,36.87亿,3.57亿,40.45亿,93.60亿
2014-06-30,,39.03亿,86.42亿,47.39亿,36.48亿,,,10.36亿,False,22.15亿,3.05亿,19.10亿,1.29亿,9023.00万,9023.00万,11.39亿,7936.73万,10.36亿,46.90亿,,604.25万,4.07亿,False,182.48万,22.34亿,22.34亿,False,3.66亿,3.66亿,False,5.09亿,1.03亿,478.96万,1.56亿,3262.73万,39.52亿,86.42亿,,15.28亿,18.25万,False,11.80亿,2.19亿,9.61亿,1.52亿,False,9816.65万,7521.50万,2.28亿,False,6305.38万,1.65亿,8901.53万,359.34万,33.54亿,,8.30亿,4.68亿,4.68亿,751.33万,6872.02万,False,1021.52万,13.84亿,47.39亿,,11.11亿,10.41亿,False,False,1.29亿,13.69亿,36.48亿,2.55亿,39.03亿,86.42亿
2014-03-31,,39.75亿,84.86亿,45.11亿,36.53亿,,,11.22亿,False,20.01亿,2.27亿,17.75亿,9606.64万,1.45亿,1.45亿,10.95亿,5847.90万,11.22亿,45.17亿,,610.18万,4.03亿,False,186.06万,22.24亿,22.24亿,False,4.13亿,4.13亿,False,5.28亿,1.04亿,491.16万,1.52亿,3249.27万,39.69亿,84.86亿,,16.69亿,69.67万,False,10.32亿,1.81亿,8.51亿,1.76亿,False,9738.15万,6354.66万,1.30亿,False,False,1.30亿,4822.69万,288.33万,32.20亿,,7.36亿,4.68亿,4.68亿,841.37万,6890.03万,False,1029.56万,12.91亿,45.11亿,,11.11亿,10.23亿,False,False,1.29亿,13.97亿,36.53亿,3.22亿,39.75亿,84.86亿
2013-12-31,,38.82亿,88.89亿,50.07亿,35.82亿,,,15.60亿,93.90万,19.62亿,2.60亿,17.01亿,9964.75万,7253.48万,7253.48万,11.00亿,6243.14万,15.61亿,48.57亿,,2.07亿,1.49亿,False,189.63万,22.36亿,22.36亿,False,3.86亿,3.86亿,False,5.20亿,1.03亿,412.21万,1.46亿,1.84亿,40.32亿,88.89亿,,15.62亿,False,False,10.74亿,1.80亿,8.95亿,2.36亿,False,1.04亿,6620.69万,1.23亿,False,False,1.23亿,5819.05万,5.26亿,37.50亿,,7.08亿,2234.77万,2234.77万,884.80万,6500.02万,False,1024.48万,12.57亿,50.07亿,,11.11亿,10.20亿,False,-967.74万,1.29亿,13.33亿,35.82亿,3.00亿,38.82亿,88.89亿
2013-09-30,,36.58亿,79.02亿,42.44亿,33.80亿,,,12.21亿,False,18.53亿,1.24亿,17.29亿,1.53亿,8152.38万,8152.38万,10.14亿,False,12.21亿,43.22亿,,599.84万,4.51亿,False,False,18.83亿,18.83亿,False,5.64亿,5.64亿,False,4.58亿,5852.78万,339.15万,6582.18万,1299.81万,35.80亿,79.02亿,,13.00亿,False,False,8.71亿,6984.73万,8.01亿,1.94亿,False,1.03亿,3564.92万,1.11亿,False,False,1.11亿,3977.62万,5.17亿,31.72亿,,5.18亿,4.53亿,4.53亿,408.88万,8697.90万,False,1009.80万,10.72亿,42.44亿,,11.11亿,10.22亿,False,False,1.17亿,11.62亿,33.80亿,2.78亿,36.58亿,79.02亿
2013-06-30,,28.22亿,50.88亿,22.66亿,26.03亿,,,8.96亿,False,9.57亿,9780.03万,8.59亿,1.90亿,4719.87万,4719.87万,6.38亿,False,8.96亿,27.28亿,,False,4.49亿,False,False,10.54亿,10.54亿,False,4.88亿,4.88亿,False,2.59亿,5852.78万,379.01万,3947.18万,False,23.60亿,50.88亿,,8.45亿,False,False,7.23亿,6063.46万,6.62亿,1.05亿,False,2565.91万,-2149.71万,4646.80万,False,723.28万,3923.53万,3100.00万,5.10亿,22.66亿,,False,False,False,False,False,False,False,False,22.66亿,,6.88亿,9.53亿,False,False,1.17亿,8.48亿,26.03亿,2.19亿,28.22亿,50.88亿
2013-03-31,,28.65亿,48.85亿,20.21亿,26.08亿,,,9.00亿,False,8.84亿,9613.49万,7.88亿,6471.11万,6121.60万,6121.60万,6.24亿,False,9.00亿,25.34亿,,False,4.77亿,False,False,10.02亿,10.02亿,False,5.09亿,5.09亿,False,2.55亿,5852.78万,430.07万,4006.10万,False,23.51亿,48.85亿,,7.76亿,False,False,5.75亿,6928.04万,5.06亿,8865.15万,False,2065.91万,-750.11万,2849.37万,False,False,2849.37万,1000.00万,5.04亿,19.96亿,,2500.00万,False,False,False,False,False,False,2500.00万,20.21亿,,6.88亿,9.53亿,False,False,1.17亿,8.52亿,26.08亿,2.57亿,28.65亿,48.85亿
2012-12-31,,38.63亿,72.97亿,34.35亿,35.83亿,,,12.78亿,5.35万,14.35亿,1.25亿,13.09亿,1.19亿,8377.24万,8377.24万,10.53亿,False,12.78亿,39.68亿,,641.17万,3.24亿,False,False,18.00亿,18.00亿,False,5.68亿,5.68亿,False,4.25亿,5852.78万,477.53万,6591.68万,1279.18万,33.30亿,72.97亿,,8.36亿,False,False,8.73亿,8661.44万,7.86亿,1.55亿,False,8431.30万,2286.83万,1.04亿,False,False,1.04亿,1734.97万,5.25亿,26.18亿,,2.71亿,4.48亿,4.48亿,909.03万,7946.55万,False,935.27万,8.17亿,34.35亿,,6.88亿,17.78亿,False,False,1.17亿,10.18亿,35.83亿,2.80亿,38.63亿,72.97亿
2012-09-30,,27.16亿,47.04亿,19.88亿,24.83亿,,,8.06亿,False,9.82亿,1.36亿,8.46亿,9738.04万,5044.34万,5044.34万,6.04亿,False,8.06亿,25.40亿,,False,3.22亿,False,False,8.75亿,8.75亿,False,5.97亿,5.97亿,False,2.51亿,5852.78万,527.21万,3901.92万,False,21.64亿,47.04亿,,6.66亿,False,False,6.30亿,1.09亿,5.21亿,7900.28万,False,2360.05万,-1626.16万,3975.87万,False,165.00万,3810.87万,False,5.17亿,19.40亿,,4800.00万,False,False,False,False,False,False,4800.00万,19.88亿,,6.88亿,9.53亿,False,False,1.06亿,7.37亿,24.83亿,2.33亿,27.16亿,47.04亿
2012-06-30,,26.98亿,47.32亿,20.34亿,24.72亿,,,7.87亿,False,10.30亿,1.86亿,8.43亿,1.01亿,5636.37万,5636.37万,6.22亿,False,7.87亿,25.96亿,,False,3.21亿,False,False,8.48亿,8.48亿,False,5.95亿,5.95亿,False,2.52亿,5852.78万,674.49万,3990.53万,False,21.36亿,47.32亿,,5.60亿,False,False,6.98亿,1.04亿,5.94亿,8659.43万,False,2207.59万,-1338.61万,5366.89万,False,1923.39万,3443.51万,7000.00万,5.09亿,19.86亿,,4800.00万,False,False,False,False,False,False,4800.00万,20.34亿,,6.88亿,9.53亿,False,False,1.06亿,7.26亿,24.72亿,2.26亿,26.98亿,47.32亿
2012-03-31,,27.16亿,51.20亿,24.04亿,24.77亿,,,13.26亿,False,9.13亿,1.52亿,7.61亿,9225.38万,4483.58万,4483.58万,6.70亿,False,13.26亿,30.47亿,,False,3.21亿,False,False,8.01亿,8.01亿,False,5.84亿,5.84亿,False,2.54亿,5852.78万,722.50万,3620.45万,False,20.73亿,51.20亿,,9.85亿,63.30万,False,6.28亿,1.06亿,5.22亿,1.13亿,False,1998.09万,-1953.97万,3835.21万,False,False,3835.21万,7950.00万,5.00亿,23.45亿,,5950.00万,False,False,False,False,False,False,5950.00万,24.04亿,,6.88亿,9.56亿,False,False,1.06亿,7.29亿,24.77亿,2.39亿,27.16亿,51.20亿
2011-12-31,,27.21亿,48.25亿,21.04亿,24.84亿,,,10.53亿,False,9.43亿,1.81亿,7.62亿,1.67亿,4642.52万,4642.52万,6.46亿,False,10.53亿,28.55亿,,False,2.60亿,False,False,7.97亿,7.97亿,False,5.45亿,5.45亿,False,2.55亿,5852.78万,746.45万,3624.18万,False,19.70亿,48.25亿,,11.40亿,88.14万,False,6.09亿,7137.91万,5.38亿,1.20亿,False,2825.40万,-1129.48万,3710.03万,False,False,3710.03万,1.20亿,False,20.44亿,,5950.00万,False,False,False,False,False,False,5950.00万,21.04亿,,6.88亿,9.67亿,False,False,1.06亿,7.24亿,24.84亿,2.37亿,27.21亿,48.25亿
2011-09-30,,27.12亿,46.69亿,19.57亿,24.63亿,,,9.08亿,False,9.71亿,1.61亿,8.10亿,1.31亿,8782.75万,8782.75万,7.43亿,389.32万,9.08亿,28.44亿,,False,2.60亿,False,False,6.40亿,6.40亿,False,6.06亿,6.06亿,False,2.13亿,5852.78万,844.58万,2428.65万,False,18.25亿,46.69亿,,9.73亿,392.58万,False,6.22亿,5540.90万,5.67亿,1.05亿,False,2326.42万,-935.64万,5904.24万,False,140.00万,5764.24万,1.20亿,False,18.96亿,,6000.00万,False,False,False,130.52万,False,False,6130.52万,19.57亿,,6.88亿,9.69亿,False,False,8892.81万,7.18亿,24.63亿,2.49亿,27.12亿,46.69亿
2011-06-30,,26.76亿,49.61亿,22.85亿,24.22亿,,,11.36亿,False,8.52亿,5916.95万,7.93亿,1.87亿,5141.65万,5141.65万,8.12亿,170.00万,11.36亿,32.59亿,,False,2.58亿,False,False,6.37亿,6.37亿,False,4.85亿,4.85亿,False,2.16亿,5852.78万,814.40万,2600.61万,False,17.01亿,49.61亿,,10.87亿,176.09万,False,6.45亿,6715.32万,5.78亿,2.73亿,False,2002.32万,-899.98万,6600.28万,False,3028.44万,3571.84万,7000.00万,False,21.54亿,,1.30亿,False,False,False,75.69万,False,False,1.31亿,22.85亿,,6.88亿,9.68亿,False,False,8892.81万,6.77亿,24.22亿,2.54亿,26.76亿,49.61亿
2011-03-31,,26.64亿,43.12亿,16.48亿,24.16亿,,,5.97亿,False,8.00亿,8301.84万,7.17亿,1.39亿,4842.74万,4842.74万,8.83亿,44.70万,5.97亿,26.88亿,,False,2.53亿,False,False,6.35亿,6.35亿,False,4.20亿,4.20亿,False,2.17亿,5852.78万,763.42万,2455.94万,False,16.24亿,43.12亿,,5.33亿,50.59万,False,6.03亿,8124.84万,5.22亿,2.29亿,False,1238.46万,-3513.60万,1.05亿,False,2800.00万,7661.43万,5000.00万,False,14.98亿,,1.50亿,False,False,False,44.36万,False,False,1.50亿,16.48亿,,4.30亿,12.25亿,False,False,8892.81万,6.72亿,24.16亿,2.48亿,26.64亿,43.12亿
2010-12-31,,25.94亿,40.64亿,14.69亿,23.89亿,,,12.23亿,4.82万,6.31亿,1.19亿,5.12亿,1.78亿,4924.25万,4924.25万,6.72亿,False,12.23亿,27.54亿,,False,2.42亿,False,False,5.10亿,5.10亿,False,3.22亿,3.22亿,False,2.13亿,63.90万,253.60万,1312.21万,False,13.09亿,40.64亿,,2.96亿,30.98万,False,6.10亿,5922.28万,5.51亿,3.29亿,False,1832.57万,-2615.25万,4097.14万,False,False,4097.14万,2000.00万,4.42万,12.89亿,,1.80亿,False,False,False,34.39万,False,False,1.80亿,14.69亿,,4.29亿,12.06亿,False,False,8892.81万,6.65亿,23.89亿,2.06亿,25.94亿,40.64亿
2010-09-30,,25.35亿,34.97亿,9.62亿,23.39亿,,,9.91亿,False,6.59亿,1.13亿,5.45亿,2.04亿,3818.99万,3226.99万,4.79亿,False,9.91亿,23.71亿,,False,2.35亿,False,False,4.70亿,4.70亿,False,2.48亿,2.48亿,False,1.50亿,63.90万,351.99万,1425.78万,False,11.27亿,34.97亿,,1.34亿,False,False,5.08亿,4737.84万,4.60亿,1.22亿,False,1894.37万,269.21万,2191.11万,False,False,2191.11万,False,False,8.07亿,,1.55亿,False,False,False,False,False,False,1.55亿,9.62亿,,4.29亿,12.14亿,False,False,7792.76万,6.18亿,23.39亿,1.96亿,25.35亿,34.97亿
2010-06-30,,24.73亿,37.67亿,12.94亿,22.81亿,,,13.05亿,False,6.49亿,9008.87万,5.59亿,2.57亿,4020.26万,3428.26万,4.75亿,False,13.05亿,27.25亿,,False,2.32亿,False,False,4.68亿,4.68亿,False,1.73亿,1.73亿,False,1.50亿,63.90万,343.40万,1447.30万,False,10.42亿,37.67亿,,3.23亿,False,False,5.42亿,4656.14万,4.95亿,1.93亿,False,1398.53万,42.84万,4676.04万,False,False,4676.04万,False,False,11.19亿,,1.75亿,False,False,False,False,False,False,1.75亿,12.94亿,,4.27亿,11.95亿,False,False,7792.76万,5.82亿,22.81亿,1.92亿,24.73亿,37.67亿
2010-03-31,,14.56亿,25.96亿,11.39亿,12.71亿,,,3.77亿,False,5.55亿,4163.07万,5.13亿,1.87亿,4021.02万,4021.02万,4.54亿,False,3.77亿,16.13亿,,False,2.26亿,False,False,4.66亿,4.66亿,False,1.26亿,1.26亿,False,1.46亿,63.90万,459.54万,1246.84万,False,9.83亿,25.96亿,,2.88亿,False,False,4.04亿,3762.28万,3.66亿,2.07亿,False,1071.93万,741.08万,5221.69万,False,226.13万,4995.56万,False,False,9.69亿,,1.70亿,False,False,False,False,False,False,1.70亿,11.39亿,,3.71亿,3.11亿,False,False,7792.76万,5.11亿,12.71亿,1.85亿,14.56亿,25.96亿
2009-12-31,,14.33亿,26.68亿,12.35亿,12.53亿,,,5.13亿,False,4.91亿,5768.04万,4.34亿,2.56亿,2941.69万,2941.69万,4.25亿,False,5.13亿,17.15亿,,False,2.27亿,False,False,4.62亿,4.62亿,False,9910.80万,9910.80万,False,1.47亿,63.90万,457.26万,1215.85万,False,9.53亿,26.68亿,,2.79亿,False,False,4.16亿,3823.92万,3.78亿,2.99亿,False,1535.85万,491.85万,5047.91万,False,False,5047.91万,False,False,10.65亿,,1.70亿,False,False,False,False,False,False,1.70亿,12.35亿,,2.85亿,3.96亿,False,False,7792.76万,4.94亿,12.53亿,1.80亿,14.33亿,26.68亿
2009-09-30,,12.83亿,24.14亿,11.31亿,11.11亿,,,4.90亿,False,4.73亿,3048.92万,4.42亿,1.79亿,3513.86万,3513.86万,3.76亿,False,4.90亿,15.54亿,,False,1.58亿,False,False,4.47亿,4.47亿,False,1.17亿,1.17亿,False,1.22亿,False,414.72万,1132.09万,False,8.60亿,24.14亿,,2.69亿,False,False,3.90亿,3754.85万,3.53亿,2.02亿,False,1305.61万,822.91万,7889.24万,False,False,7889.24万,False,False,9.61亿,,1.70亿,False,False,False,False,False,False,1.70亿,11.31亿,,2.83亿,3.07亿,False,False,6841.44万,4.52亿,11.11亿,1.72亿,12.83亿,24.14亿
2009-06-30,,12.58亿,21.84亿,9.25亿,10.76亿,,,3.74亿,False,4.77亿,3266.95万,4.44亿,1.42亿,3982.39万,3982.39万,3.27亿,False,3.74亿,13.60亿,,False,1.63亿,False,False,4.47亿,4.47亿,False,1.07亿,1.07亿,False,9343.08万,False,487.44万,899.50万,False,8.24亿,21.84亿,,2.88亿,False,False,4.11亿,3827.40万,3.72亿,1.27亿,False,1360.87万,1059.10万,6016.95万,False,False,6016.95万,False,False,9.10亿,,1500.00万,False,False,False,False,False,False,1500.00万,9.25亿,,2.83亿,3.14亿,False,False,6841.44万,4.10亿,10.76亿,1.82亿,12.58亿,21.84亿
2009-03-31,,11.75亿,19.27亿,7.53亿,10.44亿,,,4.06亿,False,3.60亿,3696.85万,3.23亿,1.02亿,3740.27万,3740.27万,2.96亿,False,4.06亿,12.01亿,,False,1.67亿,False,False,4.02亿,4.02亿,False,1.03亿,1.03亿,False,4144.60万,False,535.93万,755.08万,False,7.27亿,19.27亿,,2.78亿,False,False,3.11亿,3675.75万,2.74亿,9952.30万,False,1030.73万,733.17万,4614.50万,False,233.44万,4381.06万,False,False,7.53亿,,False,False,False,False,False,False,False,False,7.53亿,,2.83亿,3.20亿,False,False,6841.44万,3.72亿,10.44亿,1.30亿,11.75亿,19.27亿
2008-12-31,,11.40亿,18.71亿,7.31亿,10.11亿,,,3.63亿,False,3.47亿,3765.84万,3.09亿,1.10亿,4300.78万,4300.78万,2.94亿,False,3.63亿,11.56亿,,False,1.64亿,False,False,3.95亿,3.95亿,False,1.01亿,1.01亿,False,4186.79万,False,574.98万,755.08万,False,7.15亿,18.71亿,,2.63亿,False,False,3.10亿,3308.56万,2.77亿,1.13亿,False,1191.57万,-241.70万,3537.82万,False,False,3537.82万,False,False,7.31亿,,False,False,False,False,False,False,False,False,7.31亿,,2.83亿,3.19亿,False,False,6841.44万,3.40亿,10.11亿,1.29亿,11.40亿,18.71亿
2008-09-30,,11.07亿,17.80亿,6.73亿,9.78亿,,,2.76亿,False,3.78亿,3859.76万,3.39亿,6019.55万,3190.07万,3190.07万,3.24亿,False,2.76亿,10.71亿,,False,1.64亿,False,False,3.58亿,3.58亿,False,1.32亿,1.32亿,False,4229.43万,False,542.46万,824.05万,False,7.10亿,17.80亿,,2.55亿,False,False,2.69亿,3772.60万,2.31亿,1.11亿,False,1178.68万,-463.82万,3108.69万,False,False,3108.69万,False,False,6.73亿,,False,False,False,False,False,False,False,False,6.73亿,,2.83亿,3.18亿,False,False,5979.26万,3.17亿,9.78亿,1.29亿,11.07亿,17.80亿
2008-06-30,,10.81亿,18.51亿,7.70亿,9.51亿,,,3.09亿,False,4.07亿,7587.02万,3.32亿,1.30亿,1498.54万,1498.54万,2.95亿,False,3.09亿,11.56亿,,False,1.61亿,False,False,3.44亿,3.44亿,False,1.33亿,1.33亿,False,4002.49万,False,553.95万,1101.34万,False,6.95亿,18.51亿,,2.78亿,False,False,3.25亿,2660.08万,2.98亿,1.19亿,False,890.38万,660.97万,3233.54万,False,False,3233.54万,False,False,7.70亿,,False,False,False,False,False,False,False,False,7.70亿,,2.83亿,3.17亿,False,False,5979.26万,2.90亿,9.51亿,1.30亿,10.81亿,18.51亿
2008-03-31,,10.62亿,17.02亿,6.40亿,9.40亿,,,2.94亿,False,3.14亿,4453.59万,2.69亿,7833.42万,3214.51万,3214.51万,3.13亿,False,2.94亿,10.31亿,,False,1.61亿,False,False,3.38亿,3.38亿,False,1.18亿,1.18亿,False,3875.40万,False,534.76万,1026.41万,False,6.71亿,17.02亿,,2.66亿,False,False,2.72亿,1865.73万,2.53亿,4011.58万,False,781.93万,199.40万,5190.75万,False,175.76万,5014.99万,False,False,6.40亿,,False,False,False,False,False,False,False,False,6.40亿,,2.83亿,3.21亿,False,False,5979.26万,2.76亿,9.40亿,1.22亿,10.62亿,17.02亿
2007-12-31,,10.29亿,16.31亿,6.02亿,9.17亿,,,3.67亿,False,2.65亿,2844.62万,2.36亿,9470.66万,888.02万,888.02万,2.50亿,False,3.67亿,9.85亿,,False,1.55亿,False,False,3.25亿,3.25亿,False,1.11亿,1.11亿,False,3913.24万,False,551.46万,977.96万,False,6.46亿,16.31亿,,2.47亿,False,False,2.79亿,2911.38万,2.50亿,3937.33万,False,1032.59万,794.99万,1849.34万,False,False,1849.34万,False,False,6.02亿,,False,False,False,False,False,False,False,False,6.02亿,,2.83亿,3.21亿,False,False,5979.26万,2.53亿,9.17亿,1.12亿,10.29亿,16.31亿
2007-09-30,,10.25亿,15.07亿,4.83亿,9.18亿,,,3.16亿,False,2.48亿,2090.76万,2.28亿,3923.88万,1136.05万,1136.05万,2.35亿,87.26万,3.16亿,8.51亿,,False,1.84亿,False,False,2.97亿,2.97亿,False,1.21亿,1.21亿,False,3952.69万,False,517.65万,965.99万,False,6.56亿,15.07亿,,2.34亿,False,False,2.05亿,3787.61万,1.67亿,1345.45万,False,906.40万,800.66万,1278.67万,False,False,1278.67万,False,False,4.83亿,,False,False,False,False,False,False,False,False,4.83亿,,2.83亿,3.45亿,False,False,6320.29万,2.27亿,9.18亿,1.06亿,10.25亿,15.07亿
2007-06-30,,10.01亿,15.51亿,5.50亿,8.93亿,,,3.55亿,False,2.58亿,1606.85万,2.41亿,6279.60万,777.11万,777.11万,2.34亿,77.80万,3.55亿,9.17亿,,False,1.77亿,False,False,2.96亿,2.96亿,False,1.08亿,1.08亿,False,3966.83万,False,508.88万,821.18万,False,6.34亿,15.51亿,,2.28亿,False,False,2.55亿,2872.06万,2.26亿,4146.65万,False,837.11万,713.08万,1026.25万,False,False,1026.25万,False,False,5.50亿,,False,False,False,False,False,False,False,False,5.50亿,,2.83亿,3.45亿,False,False,6320.29万,2.02亿,8.93亿,1.08亿,10.01亿,15.51亿
2007-03-31,,9.79亿,14.46亿,4.67亿,8.78亿,,,3.22亿,False,2.48亿,2088.74万,2.27亿,4146.25万,1016.78万,1016.78万,1.94亿,57.62万,3.22亿,8.16亿,,False,1.82亿,False,False,2.98亿,2.98亿,False,9793.70万,9793.70万,False,4007.93万,False,373.29万,862.94万,False,6.30亿,14.46亿,,2.48亿,False,False,1.79亿,2509.59万,1.54亿,1273.75万,False,664.38万,1291.51万,574.56万,False,False,574.56万,False,170.18万,4.67亿,,False,False,False,False,False,False,False,False,4.67亿,,2.58亿,3.71亿,False,False,6087.65万,1.89亿,8.78亿,1.01亿,9.79亿,14.46亿
2006-12-31,,9.83亿,14.29亿,4.46亿,8.77亿,,,3.31亿,False,2.21亿,4230.28万,1.79亿,6506.06万,455.68万,455.68万,1.89亿,False,3.31亿,8.11亿,,False,1.79亿,False,False,3.03亿,3.03亿,False,8632.75万,8632.75万,False,4045.76万,False,394.46万,574.18万,False,6.19亿,14.29亿,,1.76亿,False,False,2.12亿,2483.16万,1.87亿,2301.41万,False,736.31万,1375.42万,1373.04万,False,False,1373.04万,False,False,4.46亿,,False,51.00万,51.00万,False,False,False,False,51.00万,4.46亿,,2.58亿,3.78亿,False,False,5326.30万,1.88亿,8.77亿,1.06亿,9.83亿,14.29亿
2006-09-30,,9.15亿,13.63亿,4.48亿,8.27亿,,,4.32亿,False,2.20亿,1767.86万,2.02亿,4316.22万,788.11万,788.11万,1.89亿,False,4.32亿,8.93亿,,False,4968.84万,False,False,3.04亿,3.04亿,False,1.12亿,1.12亿,False,138.86万,False,339.20万,False,False,4.70亿,13.63亿,,2.01亿,False,False,2.11亿,5877.78万,1.53亿,1536.10万,False,765.97万,577.33万,331.14万,False,False,331.14万,False,False,4.48亿,,False,51.00万,51.00万,False,False,False,False,51.00万,4.48亿,,2.58亿,3.71亿,False,False,4849.11万,1.51亿,8.27亿,8732.90万,9.15亿,13.63亿
2006-06-30,,6.41亿,11.53亿,5.12亿,5.53亿,,,2.80亿,False,1.78亿,1785.40万,1.60亿,4012.80万,831.18万,831.18万,1.91亿,False,2.80亿,6.99亿,,False,4968.84万,False,False,2.96亿,2.96亿,False,1.03亿,1.03亿,False,144.98万,False,358.46万,False,False,4.54亿,11.53亿,,2.49亿,False,False,2.26亿,7391.57万,1.52亿,941.64万,False,809.28万,1105.16万,572.57万,False,False,572.57万,False,False,5.12亿,,False,26.00万,26.00万,False,False,False,False,26.00万,5.12亿,,2.09亿,1.59亿,False,False,4849.11万,1.36亿,5.53亿,8808.07万,6.41亿,11.53亿
2006-03-31,,6.35亿,10.24亿,3.89亿,5.51亿,,,1.89亿,False,1.49亿,681.17万,1.42亿,6180.16万,903.36万,903.36万,1.72亿,False,1.89亿,5.83亿,,False,4968.84万,False,False,2.98亿,2.98亿,False,8835.42万,8835.42万,False,155.90万,False,400.07万,False,False,4.41亿,10.24亿,,1.86亿,False,False,1.74亿,3426.21万,1.40亿,866.59万,False,615.68万,439.94万,739.47万,False,False,739.47万,False,False,3.89亿,,False,26.00万,26.00万,False,False,False,False,26.00万,3.89亿,,1.75亿,1.94亿,False,False,4849.11万,1.14亿,5.51亿,8320.32万,6.35亿,10.24亿
2005-12-31,,6.21亿,10.44亿,4.23亿,5.40亿,,,2.43亿,False,1.19亿,398.27万,1.15亿,8097.51万,697.20万,697.20万,1.63亿,False,2.43亿,6.15亿,,False,4968.84万,False,False,3.01亿,3.01亿,False,7413.02万,7413.02万,False,86.47万,False,346.87万,False,False,4.29亿,10.44亿,,2.24亿,False,False,1.56亿,1385.63万,1.42亿,2146.67万,False,719.82万,1004.92万,240.14万,False,False,240.14万,False,False,4.23亿,,False,26.00万,26.00万,False,False,False,False,26.00万,4.23亿,,1.75亿,1.94亿,False,False,4849.11万,1.23亿,5.40亿,8093.63万,6.21亿,10.44亿
2005-09-30,,5.87亿,9.73亿,3.85亿,5.13亿,,,2.30亿,False,1.21亿,319.61万,1.18亿,3037.38万,796.30万,796.30万,1.55亿,False,2.30亿,5.45亿,,False,5031.43万,False,False,2.81亿,2.81亿,False,9170.89万,9170.89万,False,87.44万,False,377.32万,False,False,4.28亿,9.73亿,,2.14亿,False,False,1.41亿,2365.12万,1.17亿,258.28万,False,601.85万,630.41万,1292.29万,False,False,1292.29万,False,False,3.85亿,,False,16.00万,16.00万,False,False,False,False,16.00万,3.85亿,,1.75亿,1.94亿,False,False,3560.62万,1.09亿,5.13亿,7477.25万,5.87亿,9.73亿
2005-06-30,,5.68亿,9.41亿,3.73亿,5.01亿,,,2.28亿,False,1.10亿,1466.42万,9501.55万,3741.35万,829.39万,829.39万,1.61亿,False,2.28亿,5.45亿,,False,4968.84万,False,False,2.60亿,2.60亿,False,8211.66万,8211.66万,False,92.66万,False,381.27万,False,False,3.96亿,9.41亿,,1.79亿,False,False,1.66亿,1769.89万,1.48亿,359.82万,False,675.48万,726.50万,818.00万,False,False,818.00万,False,False,3.73亿,,False,False,False,False,False,False,False,False,3.73亿,,1.75亿,1.94亿,False,False,3560.62万,9689.36万,5.01亿,6713.74万,5.68亿,9.41亿
2005-03-31,,5.61亿,8.49亿,2.88亿,4.84亿,,,1.52亿,False,1.18亿,663.20万,1.11亿,3395.09万,442.56万,442.56万,1.54亿,False,1.52亿,4.64亿,,False,4968.84万,False,False,2.63亿,2.63亿,False,6915.09万,6915.09万,False,97.88万,False,307.01万,False,False,3.85亿,8.49亿,,1.31亿,False,False,1.29亿,1291.15万,1.16亿,408.63万,False,778.36万,784.76万,688.15万,False,False,688.15万,False,False,2.88亿,,False,False,False,False,False,False,False,False,2.88亿,,1.75亿,1.94亿,False,False,3560.62万,7990.01万,4.84亿,7700.32万,5.61亿,8.49亿
2004-12-31,,5.71亿,8.69亿,2.98亿,4.96亿,,,2.43亿,False,8066.09万,314.04万,7752.04万,4098.57万,393.57万,393.57万,1.24亿,False,2.43亿,4.94亿,,False,4968.84万,False,False,2.61亿,2.61亿,False,6022.72万,6022.72万,False,103.10万,False,351.83万,False,False,3.76亿,8.69亿,,1.57亿,False,False,1.02亿,829.33万,9351.67万,776.31万,False,781.75万,1445.18万,790.15万,False,False,790.15万,False,False,2.98亿,,False,False,False,False,False,False,False,False,2.98亿,,1.75亿,1.94亿,False,False,3560.62万,9161.31万,4.96亿,7551.05万,5.71亿,8.69亿
2004-09-30,,5.41亿,8.15亿,2.73亿,4.66亿,,,2.13亿,False,1.02亿,540.99万,9684.05万,6632.91万,219.16万,219.16万,1.01亿,False,2.13亿,4.85亿,,False,4968.84万,False,False,2.56亿,2.56亿,False,1671.52万,1671.52万,False,108.32万,False,578.43万,False,False,3.29亿,8.15亿,,1.44亿,False,False,9480.50万,1333.35万,8147.14万,534.82万,False,698.92万,864.74万,1188.09万,False,False,1188.09万,False,False,2.73亿,,False,False,False,False,False,False,False,False,2.73亿,,1.75亿,1.94亿,False,False,2513.78万,7258.56万,4.66亿,7531.44万,5.41亿,8.15亿
2004-06-30,,4.87亿,7.81亿,2.94亿,4.56亿,,,1.65亿,False,1.09亿,827.28万,1.01亿,6482.30万,678.19万,678.19万,1.18亿,False,1.65亿,4.64亿,,False,4968.84万,False,False,2.47亿,2.47亿,False,1580.23万,1580.23万,False,114.71万,False,269.48万,False,False,3.17亿,7.81亿,,1.40亿,False,False,1.11亿,1003.21万,1.01亿,937.29万,False,869.25万,1382.75万,1057.60万,False,False,1057.60万,False,False,2.94亿,,False,False,False,False,False,False,False,False,2.94亿,,1.75亿,1.94亿,False,False,2513.78万,6259.38万,4.56亿,3041.06万,4.87亿,7.81亿
2004-03-31,,4.95亿,7.95亿,3.00亿,4.65亿,,,1.64亿,False,1.14亿,2035.18万,9393.36万,6622.56万,439.37万,439.37万,1.17亿,False,1.64亿,4.66亿,,False,4968.84万,False,False,2.51亿,2.51亿,False,2426.55万,2426.55万,False,120.15万,False,213.58万,False,False,3.29亿,7.95亿,,1.69亿,False,False,9693.34万,1048.51万,8644.84万,1218.89万,False,840.39万,506.78万,872.36万,False,False,872.36万,False,False,3.00亿,,False,False,False,False,False,False,False,False,3.00亿,,1.75亿,1.94亿,False,False,2513.78万,5006.20万,4.65亿,3003.81万,4.95亿,7.95亿
2003-12-31,,4.86亿,7.03亿,2.17亿,4.56亿,,,2.15亿,False,9075.58万,1362.73万,7712.85万,1719.17万,421.83万,421.83万,8858.63万,False,2.15亿,4.17亿,,False,1999.09万,False,False,2.46亿,2.46亿,False,1663.63万,1656.13万,7.50万,125.59万,False,260.46万,False,False,2.86亿,7.03亿,,6966.00万,False,False,8549.36万,1001.40万,7547.96万,684.75万,False,746.70万,810.78万,3926.28万,False,False,3926.28万,False,False,2.17亿,,False,False,False,False,False,False,False,False,2.17亿,,1.75亿,1.94亿,False,False,2513.78万,6248.68万,4.56亿,2991.89万,4.86亿,7.03亿
2003-09-30,,4.73亿,6.51亿,1.78亿,4.44亿,,,2.41亿,False,9146.09万,1276.44万,7869.65万,157.44万,293.29万,293.29万,5581.50万,False,2.41亿,3.95亿,,False,1999.09万,False,False,1.70亿,1.70亿,False,6310.15万,6310.15万,False,131.03万,False,199.43万,False,False,2.56亿,6.51亿,,6966.00万,False,False,7174.61万,533.50万,6641.11万,2.43万,False,597.29万,797.47万,2234.56万,False,False,2234.56万,False,False,1.78亿,,False,False,False,False,False,False,False,False,1.78亿,,1.75亿,1.94亿,False,False,1860.36万,5704.32万,4.44亿,2904.59万,4.73亿,6.51亿
2003-06-30,,4.59亿,6.20亿,1.61亿,4.36亿,,,2.30亿,False,9358.69万,1169.28万,8189.41万,149.15万,494.78万,494.78万,5249.42万,False,2.30亿,3.84亿,,False,3019.09万,False,False,1.69亿,1.69亿,False,3406.16万,3406.16万,False,92.54万,False,158.39万,False,False,2.35亿,6.20亿,,6966.00万,False,False,7205.11万,761.09万,6444.01万,2.43万,False,507.30万,1035.80万,306.99万,False,74.28万,232.71万,False,False,1.61亿,,False,False,False,False,False,False,False,False,1.61亿,,1.75亿,1.94亿,False,False,2328.78万,4412.02万,4.36亿,2346.90万,4.59亿,6.20亿
2003-03-31,,4.49亿,6.13亿,1.63亿,4.27亿,,,2.31亿,False,9522.59万,801.56万,8721.03万,138.62万,611.22万,611.22万,5341.07万,False,2.31亿,3.87亿,,False,3019.09万,False,False,1.68亿,1.68亿,False,2480.83万,2480.83万,False,96.89万,False,143.63万,False,False,2.25亿,6.13亿,,5900.00万,False,False,6748.10万,708.67万,6039.43万,4.13万,False,507.93万,556.59万,2528.82万,False,2256.37万,272.45万,False,False,1.63亿,,False,False,False,False,False,False,False,False,1.63亿,,1.09亿,2.59亿,False,False,2502.46万,3378.99万,4.27亿,2211.83万,4.49亿,6.13亿
2002-12-31,,4.68亿,6.37亿,1.69亿,4.43亿,,,2.85亿,False,7421.39万,994.35万,6427.04万,289.58万,566.87万,566.87万,5202.36万,False,2.85亿,4.21亿,,False,3019.09万,False,False,1.61亿,1.61亿,False,2284.36万,2284.36万,False,101.25万,False,134.20万,False,False,2.17亿,6.37亿,,5645.00万,False,False,9486.58万,1049.43万,8437.15万,194.57万,False,600.05万,570.97万,350.20万,False,False,350.20万,False,False,1.69亿,,False,False,False,False,False,False,False,False,1.69亿,,1.09亿,2.59亿,False,False,2502.46万,2665.06万,4.43亿,2506.52万,4.68亿,6.37亿
2002-09-30,,4.59亿,6.10亿,1.51亿,4.33亿,,,3.02亿,200.00万,7565.70万,1231.90万,6333.80万,71.41万,363.98万,363.98万,3962.48万,False,3.04亿,4.25亿,,False,68.11万,False,False,1.40亿,1.40亿,False,4295.45万,4295.45万,False,95.52万,False,99.38万,False,False,1.85亿,6.10亿,,4580.00万,False,False,5534.03万,1417.61万,4116.41万,5.12万,False,581.36万,851.60万,3445.09万,False,113.70万,3331.39万,False,False,1.51亿,,False,False,False,False,False,False,False,False,1.51亿,,1.09亿,2.59亿,False,False,1977.85万,4511.41万,4.33亿,2545.83万,4.59亿,6.10亿
2002-06-30,,4.47亿,5.79亿,1.32亿,4.28亿,,,3.37亿,False,8332.34万,663.75万,7668.59万,62.27万,746.53万,746.53万,3973.33万,False,3.37亿,4.69亿,,False,68.11万,False,False,7994.25万,7994.25万,False,2798.12万,2798.12万,False,99.62万,False,87.72万,False,False,1.10亿,5.79亿,,1934.00万,False,False,7657.05万,3728.50万,3928.55万,5.07万,False,529.61万,1076.31万,358.88万,False,137.77万,221.10万,168.00万,False,1.23亿,,894.00万,False,False,False,False,False,False,894.00万,1.32亿,,1.09亿,2.59亿,False,False,1977.85万,3950.03万,4.28亿,1936.10万,4.47亿,5.79亿
2001-12-31,,1.33亿,2.53亿,1.20亿,1.18亿,,,4363.47万,False,7100.99万,660.47万,6440.53万,30.92万,343.01万,343.01万,3680.78万,False,4363.47万,1.56亿,,False,False,False,False,6826.91万,6826.91万,False,2714.38万,2714.38万,False,104.44万,False,54.80万,False,False,9700.54万,2.53亿,,1969.00万,False,False,5933.53万,2929.90万,3003.62万,102.47万,False,505.78万,520.53万,326.84万,False,137.77万,189.07万,2059.00万,False,1.16亿,,437.00万,False,False,False,False,False,False,437.00万,1.20亿,,7410.43万,31.76万,False,False,1980.18万,2391.45万,1.18亿,1447.80万,1.33亿,2.53亿
2000-12-31,,9758.07万,2.36亿,1.39亿,8715.56万,,,3104.25万,False,6678.39万,77.78万,6600.61万,678.62万,1033.04万,1033.04万,3235.34万,False,3104.25万,1.50亿,,False,False,False,False,6018.02万,6018.02万,False,1550.71万,1550.71万,False,1081.89万,False,9.49万,False,False,8660.10万,2.36亿,,2022.00万,False,False,6112.93万,2323.00万,3789.93万,75.28万,False,450.18万,755.76万,1041.73万,False,942.40万,99.33万,1324.00万,False,1.18亿,,2059.00万,False,False,False,False,False,False,2059.00万,1.39亿,,7410.43万,False,False,False,1296.15万,8.98万,8715.56万,1042.52万,9758.07万,2.36亿
1999-12-31,,8569.36万,2.09亿,1.23亿,7828.89万,,,1753.66万,False,5967.16万,52.37万,5914.78万,54.87万,2156.60万,2156.60万,3148.94万,False,1753.66万,1.32亿,,False,False,False,False,6581.49万,6581.49万,False,18.24万,18.24万,False,1122.39万,False,2.92万,False,False,7725.04万,2.09亿,,983.00万,False,False,4516.09万,1202.22万,3313.87万,17.28万,False,322.65万,514.57万,1939.47万,False,1826.53万,112.94万,2014.00万,False,1.03亿,,2011.00万,False,False,False,False,False,False,2011.00万,1.23亿,,7410.43万,False,False,False,766.31万,-347.85万,7828.89万,740.48万,8569.36万,2.09亿
