日期,开盘,收盘,最高,最低,成交量
2021-01-04,15.69,16.11,16.27,15.43,546127.18
2021-01-05,16.34,16.0,16.44,15.82,513338.68
2021-01-06,15.9,15.85,16.15,15.47,508072.26
2021-01-07,15.69,16.16,16.35,15.5,487739.2
2021-01-08,16.07,15.34,16.09,15.18,505062.15
2021-01-11,15.4,15.4,15.65,14.98,504202.21
2021-01-12,15.26,15.27,15.54,15.12,374488.54
2021-01-13,15.24,15.39,16.05,15.21,471596.3
2021-01-14,15.01,14.2,15.01,14.2,621504.29
2021-01-15,14.3,14.44,14.48,14.09,275696.22
2021-01-18,14.45,14.56,14.65,14.19,282654.17
2021-01-19,14.56,14.18,14.56,14.05,317623.02
2021-01-20,14.11,14.26,14.44,14.11,223165.87
2021-01-21,14.25,14.48,14.49,14.15,296778.75
2021-01-22,14.5,13.92,14.5,13.78,435728.28
2021-01-25,13.8,13.87,14.08,13.63,392230.16
2021-01-26,13.92,13.4,13.99,13.4,340847.66
2021-01-27,13.4,13.48,13.53,13.06,304381.54
2021-01-28,13.25,12.88,13.5,12.85,317260.17
2021-01-29,13.0,12.31,13.02,12.18,373971.35
2021-02-01,12.37,12.46,12.65,12.31,196933.49
2021-02-02,12.5,12.49,12.63,12.05,268437.28
2021-02-03,12.49,12.16,12.7,12.12,281557.71
2021-02-04,12.38,11.67,12.38,11.4,367968.22
2021-02-05,11.64,11.25,11.88,11.23,249302.93
2021-02-08,11.59,11.61,12.02,11.41,305044.29
2021-02-09,11.66,11.85,12.02,11.59,341046.64
2021-02-10,11.93,11.9,12.12,11.69,228473.56
2021-02-18,12.1,12.27,12.39,12.02,224421.09
2021-02-19,12.3,12.57,12.64,12.1,211387.97
2021-02-22,12.57,12.36,12.65,12.21,359075.67
2021-02-23,12.33,12.15,12.35,12.03,208658.33
2021-02-24,12.15,11.87,12.2,11.76,227977.59
2021-02-25,12.01,11.77,12.02,11.73,142157.9
2021-02-26,11.68,11.76,11.96,11.54,155547.44
2021-03-01,11.83,12.17,12.22,11.78,211749.02
2021-03-02,12.25,12.12,12.27,12.04,146935.97
2021-03-03,12.1,12.36,12.38,12.05,174144.65
2021-03-04,12.3,12.04,12.3,11.95,173943.54
2021-03-05,11.95,11.99,12.09,11.86,158522.75
2021-03-08,12.06,11.86,12.18,11.85,195052.65
2021-03-09,11.85,11.58,11.92,11.42,168594.24
2021-03-10,11.66,11.33,11.84,11.29,155306.14
2021-03-11,11.34,11.61,11.65,11.22,128595.27
2021-03-12,11.62,11.53,11.69,11.43,115459.78
2021-03-15,11.51,11.38,11.61,11.27,118333.67
2021-03-16,11.4,11.5,11.53,11.35,91187.15
2021-03-17,11.51,11.46,11.52,11.31,87549.88
2021-03-18,11.39,11.39,11.45,11.31,111521.57
2021-03-19,11.32,11.08,11.32,11.04,183205.14
2021-03-22,11.06,11.43,11.55,10.95,156510.04
2021-03-23,11.55,11.19,11.55,11.09,135232.5
2021-03-24,11.09,10.9,11.18,10.9,131190.61
2021-03-25,10.87,10.89,10.96,10.79,81529.0
2021-03-26,10.92,11.06,11.1,10.85,112450.92
2021-03-29,11.01,10.91,11.03,10.76,113782.44
2021-03-30,10.94,11.03,11.19,10.89,121415.13
2021-03-31,11.03,10.89,11.05,10.82,68617.15
2021-04-01,10.9,10.93,10.95,10.84,72506.23
2021-04-02,11.0,11.25,11.29,10.96,150346.58
2021-04-06,11.22,11.12,11.23,11.07,105275.28
2021-04-07,11.27,11.14,11.35,11.13,131293.62
2021-04-08,11.1,11.01,11.17,10.94,109666.18
2021-04-09,11.17,10.99,11.18,10.94,85389.75
2021-04-12,10.94,10.57,10.95,10.45,174113.15
2021-04-13,10.57,10.41,10.6,10.34,104429.88
2021-04-14,10.5,10.47,10.65,10.41,77684.25
2021-04-15,10.48,10.51,10.52,10.23,99221.1
2021-04-16,10.51,10.7,10.74,10.5,102497.82
2021-04-19,10.68,11.03,11.08,10.68,172725.39
2021-04-20,11.03,10.98,11.12,10.86,144623.45
2021-04-21,10.92,10.98,11.04,10.86,83651.34
2021-04-22,11.08,10.92,11.11,10.86,89576.0
2021-04-23,10.93,10.95,10.97,10.76,93706.3
2021-04-26,10.94,11.04,11.26,10.88,147614.03
2021-04-27,11.13,10.9,11.23,10.8,112472.01
2021-04-28,10.84,11.1,11.1,10.73,94164.21
2021-04-29,11.19,10.93,11.19,10.88,123934.79
2021-04-30,10.86,10.65,11.04,10.57,149006.71
2021-05-06,10.43,10.49,10.59,10.41,113372.22
2021-05-07,10.54,10.55,10.85,10.54,134983.62
2021-05-10,10.61,10.36,10.69,10.24,157620.55
2021-05-11,10.3,10.42,10.46,10.06,154430.83
2021-05-12,10.39,10.71,10.73,10.29,156983.62
2021-05-13,10.66,10.6,10.77,10.6,96754.72
2021-05-14,10.71,10.77,10.83,10.51,92372.04
2021-05-17,10.8,10.77,10.96,10.74,122058.3
2021-05-18,10.7,10.77,10.77,10.62,61822.96
2021-05-19,10.77,11.13,11.17,10.65,208879.51
2021-05-20,11.14,11.4,11.52,10.96,263940.54
2021-05-21,11.39,11.06,11.44,11.03,186750.47
2021-05-24,10.97,11.1,11.14,10.97,110537.24
2021-05-25,11.04,11.27,11.4,10.98,144820.64
2021-05-26,11.3,11.3,11.6,11.27,176604.92
2021-05-27,11.45,11.31,11.45,11.22,112266.34
2021-05-28,11.38,11.4,11.47,11.27,125395.1
2021-05-31,11.45,11.87,11.99,11.41,331742.23
2021-06-01,11.84,11.88,11.94,11.68,204720.02
2021-06-02,11.86,11.78,11.9,11.67,140691.63
2021-06-03,11.78,11.75,11.93,11.72,122405.14
2021-06-04,11.8,12.08,12.18,11.73,218387.42
2021-06-07,12.09,12.24,12.38,12.08,248871.63
2021-06-08,12.37,12.26,12.44,12.07,197801.36
2021-06-09,12.35,12.26,12.35,12.09,137029.19
2021-06-10,12.19,11.99,12.28,11.94,178820.37
2021-06-11,12.0,11.74,12.23,11.7,202493.04
2021-06-15,11.72,11.53,11.82,11.34,175966.3
2021-06-16,11.63,11.4,11.72,11.38,121809.02
2021-06-17,11.45,11.46,11.54,11.34,111175.85
2021-06-18,11.47,12.04,12.12,11.45,225010.87
2021-06-21,12.04,13.08,13.24,12.03,688087.14
2021-06-22,13.11,13.09,13.44,12.92,460632.61
2021-06-23,13.06,13.29,13.41,12.95,431549.28
2021-06-24,13.25,13.29,13.63,13.16,286826.13
2021-06-25,13.17,13.29,13.52,12.99,295935.91
2021-06-28,13.31,13.03,13.35,12.96,194571.01
2021-06-29,13.04,12.76,13.2,12.66,221630.65
2021-06-30,12.8,13.3,13.48,12.6,410729.21
2021-07-01,13.3,12.66,13.37,12.62,229948.34
2021-07-02,12.7,12.54,12.82,12.36,191342.96
2021-07-05,12.5,12.37,12.66,12.08,239628.11
2021-07-06,12.3,12.36,12.43,12.14,155675.06
2021-07-07,12.29,12.75,12.86,12.1,340907.9
2021-07-08,12.66,13.0,13.13,12.57,337473.8
2021-07-09,12.85,13.17,13.2,12.71,283672.47
2021-07-12,13.4,13.7,14.3,13.13,791741.34
2021-07-13,13.59,13.53,13.82,13.37,310229.27
2021-07-14,13.69,13.05,13.69,12.99,335373.82
2021-07-15,12.95,13.19,13.24,12.66,278600.08
2021-07-16,13.08,13.35,13.51,13.03,386756.25
2021-07-19,13.25,13.3,13.45,13.0,256142.12
2021-07-20,13.18,13.08,13.25,12.95,231568.19
2021-07-21,13.21,13.39,13.58,13.2,329381.39
2021-07-22,13.39,13.5,13.6,13.08,323054.77
2021-07-23,13.48,13.75,14.09,13.44,463656.98
2021-07-26,13.96,13.49,14.01,13.24,381899.9
2021-07-27,13.38,12.81,13.68,12.8,407978.84
2021-07-28,12.67,11.83,12.74,11.7,430473.35
2021-07-29,12.05,12.87,12.97,12.05,417498.41
2021-07-30,12.8,12.85,12.97,12.52,280221.13
2021-08-02,13.2,13.16,13.48,12.98,307869.19
2021-08-03,13.1,12.73,13.33,12.63,296020.2
2021-08-04,12.6,13.54,13.64,12.57,457945.49
2021-08-05,13.54,13.16,13.56,13.08,359945.79
2021-08-06,13.43,13.54,13.64,13.17,354438.36
2021-08-09,13.51,13.08,13.57,13.02,416097.54
2021-08-10,13.09,13.65,13.69,13.05,630566.23
2021-08-11,13.6,13.79,13.9,13.34,546690.09
2021-08-12,13.79,14.27,14.68,13.58,816804.03
2021-08-13,14.27,15.02,15.06,14.22,884630.34
2021-08-16,14.8,14.5,16.16,14.32,1179935.66
2021-08-17,14.33,13.6,14.79,13.43,847855.55
2021-08-18,13.73,14.06,14.66,13.61,629254.06
2021-08-19,13.95,14.07,14.28,13.76,420863.86
2021-08-20,14.05,13.84,14.05,13.59,349179.48
2021-08-23,13.85,14.78,14.8,13.85,575580.51
2021-08-24,14.76,15.0,15.14,14.49,509842.99
2021-08-25,15.01,14.82,15.08,14.61,297910.76
2021-08-26,14.78,14.86,15.15,14.46,421816.68
2021-08-27,14.72,14.59,14.84,14.46,306142.09
2021-08-30,14.4,14.76,14.84,14.1,350978.33
2021-08-31,14.61,15.15,15.17,14.41,511626.91
2021-09-01,15.14,14.58,15.47,14.56,476706.77
2021-09-02,14.75,15.6,15.67,14.52,627513.62
2021-09-03,15.44,15.14,15.68,14.85,472701.66
2021-09-06,15.17,15.17,15.19,14.59,365974.13
2021-09-07,15.16,15.43,15.52,14.9,461656.42
2021-09-08,15.5,15.2,15.55,15.08,320772.49
2021-09-09,15.22,15.35,15.46,14.93,338852.04
2021-09-10,15.2,14.7,15.33,14.5,532651.44
2021-09-13,14.7,14.26,14.77,14.2,375227.96
2021-09-14,14.3,14.27,14.64,14.27,267399.55
2021-09-15,14.32,14.61,14.72,14.3,261938.81
2021-09-16,14.57,13.96,14.85,13.95,305643.1
2021-09-17,14.03,14.34,14.4,14.0,201785.6
2021-09-22,14.2,15.59,15.7,14.11,793593.54
2021-09-23,15.65,15.59,16.25,15.46,712213.99
2021-09-24,15.5,15.16,15.75,15.1,395672.18
2021-09-27,15.22,13.65,15.39,13.64,723106.61
2021-09-28,13.61,13.39,13.73,13.19,359254.74
2021-09-29,13.27,13.05,13.33,12.86,318776.88
2021-09-30,13.1,13.29,13.42,13.01,190698.48
2021-10-08,13.4,13.44,13.76,13.22,220000.27
2021-10-11,13.51,13.2,13.58,13.08,150318.85
2021-10-12,13.16,12.68,13.2,12.47,241022.45
2021-10-13,12.68,13.15,13.19,12.65,169208.66
2021-10-14,13.05,13.12,13.27,13.0,99306.8
2021-10-15,13.09,13.21,13.4,13.01,150530.36
2021-10-18,13.2,13.36,13.53,13.15,116894.81
2021-10-19,13.37,13.47,13.57,13.33,113013.74
2021-10-20,13.52,13.68,13.75,13.29,191610.51
2021-10-21,13.64,13.74,13.92,13.48,162996.08
2021-10-22,13.93,14.58,14.76,13.86,533867.83
2021-10-25,14.39,14.61,14.67,14.11,315882.35
2021-10-26,14.75,14.8,15.03,14.65,302491.0
2021-10-27,14.79,15.08,15.23,14.67,368904.47
2021-10-28,15.0,14.74,15.25,14.69,328970.38
2021-10-29,14.79,14.81,14.99,14.41,271274.27
2021-11-01,14.64,15.04,15.21,14.46,316315.68
2021-11-02,15.04,14.95,15.25,14.73,375751.73
2021-11-03,14.89,14.87,14.89,14.45,254984.48
2021-11-04,14.89,15.1,15.29,14.83,325584.43
2021-11-05,15.14,14.85,15.54,14.8,386056.49
2021-11-08,14.8,14.9,15.26,14.72,268765.08
2021-11-09,14.81,15.47,15.59,14.81,516945.21
2021-11-10,15.32,15.11,15.4,14.58,401628.11
2021-11-11,14.99,15.42,15.68,14.81,492539.31
2021-11-12,15.35,16.0,16.15,15.31,587191.48
2021-11-15,16.09,15.79,16.36,15.62,628517.61
2021-11-16,15.63,15.56,15.89,15.36,335288.31
2021-11-17,15.5,16.25,16.35,15.28,551596.55
2021-11-18,16.15,15.37,16.24,15.37,559229.1
2021-11-19,15.37,16.91,16.91,15.21,681270.53
2021-11-22,17.1,16.85,17.1,16.4,846649.42
2021-11-23,17.59,17.12,18.44,17.11,1277486.8
2021-11-24,17.15,17.2,17.98,17.11,825534.23
2021-11-25,17.49,17.46,17.96,17.1,626112.71
2021-11-26,17.35,17.63,17.8,17.28,507821.4
2021-11-29,17.28,18.9,19.3,17.17,872753.62
2021-11-30,19.06,19.79,20.19,18.91,982801.65
2021-12-01,19.66,19.43,19.95,18.82,760641.24
2021-12-02,19.45,19.98,20.43,18.91,679092.11
2021-12-03,19.68,19.7,19.97,18.88,533690.92
2021-12-06,19.46,20.63,21.0,19.34,760637.21
2021-12-07,20.6,20.15,21.2,19.61,576896.07
2021-12-08,20.22,20.6,21.16,20.13,383135.33
2021-12-09,20.69,19.88,20.88,19.86,379619.04
2021-12-10,19.74,20.13,20.35,19.28,538934.69
2021-12-13,19.75,20.09,20.26,18.97,441979.12
2021-12-14,20.03,19.64,20.18,19.43,240450.47
2021-12-15,19.64,19.72,20.28,19.46,278053.44
2021-12-16,19.72,20.29,20.44,19.59,321427.68
2021-12-17,20.12,19.8,20.28,19.3,405777.18
2021-12-20,19.65,18.76,19.8,18.65,386362.44
2021-12-21,18.89,18.55,18.95,18.2,330431.38
2021-12-22,18.5,19.0,19.29,18.5,271616.37
2021-12-23,19.0,19.16,19.46,18.85,191290.57
2021-12-24,19.48,18.44,19.48,18.29,257688.34
2021-12-27,18.35,18.88,19.33,18.35,211865.55
2021-12-28,18.99,18.94,19.0,18.5,147785.67
2021-12-29,18.9,18.64,19.12,18.58,140512.2
2021-12-30,18.59,18.44,18.93,18.35,173429.9
2021-12-31,18.37,18.29,18.9,18.13,203244.69
2022-01-04,18.42,17.57,18.49,17.53,305711.67
2022-01-05,17.57,17.31,17.74,17.02,256344.62
2022-01-06,17.25,17.53,17.69,17.17,183152.23
2022-01-07,17.54,16.89,17.67,16.86,194008.94
2022-01-10,16.83,16.68,16.85,16.4,190950.06
2022-01-11,16.68,16.13,16.79,16.05,196082.15
2022-01-12,16.4,16.43,16.46,16.19,165577.56
2022-01-13,16.49,16.23,16.51,15.89,193577.24
2022-01-14,16.23,16.58,16.88,16.08,251359.28
2022-01-17,16.58,16.73,17.05,16.41,192353.49
2022-01-18,16.76,16.88,16.94,16.58,164089.63
2022-01-19,16.79,16.5,16.9,16.3,159855.33
2022-01-20,16.64,15.92,16.64,15.87,168638.95
2022-01-21,16.0,15.81,16.14,15.78,113792.66
2022-01-24,15.71,15.89,16.02,15.58,129974.18
2022-01-25,15.87,14.98,15.96,14.97,232421.18
2022-01-26,14.99,15.44,15.51,14.97,212300.37
2022-01-27,15.36,14.86,15.53,14.86,126223.3
2022-01-28,15.07,14.87,15.14,14.58,127645.42
2022-02-07,15.12,15.13,15.51,15.08,150881.24
2022-02-08,15.16,14.8,15.17,14.6,182310.15
2022-02-09,14.78,15.02,15.09,14.46,165420.52
2022-02-10,14.9,14.94,15.04,14.74,130577.87
2022-02-11,14.87,14.57,15.05,14.5,136170.04
2022-02-14,14.47,14.5,14.76,14.17,117310.73
2022-02-15,14.59,14.98,15.02,14.48,139683.03
2022-02-16,15.01,15.09,15.15,14.91,133135.64
2022-02-17,14.99,15.12,15.4,14.95,183627.88
2022-02-18,14.99,14.76,15.01,14.72,117247.45
2022-02-21,14.8,14.91,14.92,14.64,105932.64
2022-02-22,14.84,14.81,14.97,14.55,105787.91
2022-02-23,14.84,15.56,15.58,14.77,214623.32
2022-02-24,15.42,14.99,15.51,14.8,261510.52
2022-02-25,15.13,15.4,15.54,15.13,197107.52
2022-02-28,15.37,15.3,15.37,14.95,169293.4
2022-03-01,15.39,15.17,15.54,15.04,140973.57
2022-03-02,15.0,14.81,15.05,14.76,130222.46
2022-03-03,14.89,14.41,14.96,14.39,171514.66
2022-03-04,14.28,13.93,14.39,13.78,191793.59
2022-03-07,13.75,13.74,14.01,13.69,134772.89
2022-03-08,13.71,13.35,13.87,13.15,148995.03
2022-03-09,13.35,13.42,13.76,12.9,169626.5
2022-03-10,13.88,13.6,13.88,13.49,145997.87
2022-03-11,13.42,14.25,14.25,13.32,193091.57
2022-03-14,14.01,13.55,14.04,13.55,158386.14
2022-03-15,13.42,12.83,13.63,12.8,162374.39
2022-03-16,13.13,13.44,13.55,12.6,170861.14
2022-03-17,13.63,13.5,13.89,13.47,148106.66
2022-03-18,13.42,13.82,13.95,13.42,145697.76
2022-03-21,13.82,13.8,13.96,13.62,101422.06
2022-03-22,13.74,13.51,13.79,13.45,101344.8
2022-03-23,13.65,13.62,13.84,13.52,79863.76
2022-03-24,13.55,13.35,13.61,13.25,80817.67
2022-03-25,13.43,13.07,13.47,13.06,75163.69
2022-03-28,12.9,12.69,13.06,12.41,151485.22
2022-03-29,12.75,12.6,13.02,12.5,123123.26
2022-03-30,12.84,13.22,13.25,12.82,154909.94
2022-03-31,13.16,13.12,13.27,13.09,85946.11
2022-04-01,13.02,13.18,13.37,12.89,75392.0
2022-04-06,13.15,13.04,13.18,12.94,75606.0
2022-04-07,12.95,12.64,12.99,12.63,84382.0
2022-04-08,12.71,12.26,12.71,12.13,125093.0
2022-04-11,12.17,11.67,12.24,11.58,144794.0
2022-04-12,11.67,11.96,11.99,11.56,98287.0
2022-04-13,11.88,11.82,12.05,11.74,95329.0
2022-04-14,11.98,11.86,12.15,11.83,82777.0
2022-04-15,11.85,11.63,11.85,11.49,66563.0
2022-04-18,11.7,11.95,12.1,11.42,81424.0
2022-04-19,11.94,12.13,12.25,11.93,111082.0
2022-04-20,12.16,11.86,12.19,11.85,74660.0
2022-04-21,11.86,11.25,11.89,11.2,140851.0
2022-04-22,11.17,11.19,11.41,10.91,106334.0
2022-04-25,10.92,10.22,10.95,10.21,145226.0
2022-04-26,10.28,9.89,10.34,9.88,136731.0
2022-04-27,9.81,10.4,10.44,9.7,142824.0
2022-04-28,10.35,10.29,10.48,10.13,115769.0
2022-04-29,10.42,10.91,11.0,10.21,168918.0
2022-05-05,10.9,11.37,11.54,10.88,191291.0
2022-05-06,11.08,11.04,11.21,10.95,153777.0
2022-05-09,11.0,11.18,11.32,10.96,86985.0
2022-05-10,11.0,11.47,11.49,10.96,131507.0
2022-05-11,11.51,11.91,12.12,11.4,245376.0
2022-05-12,11.83,11.72,11.94,11.62,124890.0
2022-05-13,11.8,11.8,11.88,11.69,103338.0
2022-05-16,11.92,11.98,12.11,11.86,158674.0
2022-05-17,11.98,12.03,12.11,11.9,117958.0
2022-05-18,12.05,12.24,12.43,11.96,152864.0
2022-05-19,12.04,12.24,12.29,11.97,137178.0
2022-05-20,12.24,12.41,12.45,12.18,132680.0
2022-05-23,12.38,12.5,12.55,12.3,120036.0
2022-05-24,12.44,12.01,12.82,12.01,168369.0
2022-05-25,12.01,12.41,12.48,11.9,131320.0
2022-05-26,12.45,12.3,12.53,12.15,99973.0
2022-05-27,12.33,12.12,12.47,11.98,110675.0
2022-05-30,12.12,12.26,12.26,11.97,117171.0
2022-05-31,12.29,12.39,12.45,12.03,156587.0
2022-06-01,12.44,12.66,12.71,12.34,132390.0
2022-06-02,12.55,12.88,12.93,12.38,179427.0
2022-06-06,12.88,13.15,13.24,12.8,174925.0
2022-06-07,13.1,12.72,13.19,12.63,214983.0
2022-06-08,12.85,12.6,12.88,12.3,227784.0
2022-06-09,12.69,12.14,12.86,12.07,249820.0
2022-06-10,12.24,13.08,13.16,12.16,354417.0
2022-06-13,12.99,13.0,13.28,12.83,354042.0
2022-06-14,12.95,13.6,13.63,12.71,521482.0
2022-06-15,13.53,13.15,13.76,13.14,444857.0
2022-06-16,13.17,13.21,13.48,13.11,301089.0
2022-06-17,13.15,13.49,13.53,13.02,327132.0
2022-06-20,13.56,13.7,13.86,13.53,370908.0
2022-06-21,13.7,13.55,14.05,13.31,395719.0
2022-06-22,13.9,13.7,14.29,13.65,521962.0
2022-06-23,13.69,14.49,14.57,13.53,541703.0
2022-06-24,14.49,14.42,14.59,14.26,355021.0
2022-06-27,14.5,14.76,14.9,14.26,379164.0
2022-06-28,14.76,15.42,15.66,14.6,500481.0
2022-06-29,15.36,13.99,15.36,13.98,753427.0
2022-06-30,13.99,14.42,14.63,13.92,396808.0
2022-07-01,14.36,14.0,14.38,13.86,313688.0
2022-07-04,14.02,14.49,14.49,13.68,291007.0
2022-07-05,14.4,14.22,14.6,13.95,257415.0
2022-07-06,14.19,14.05,14.36,13.85,233335.0
2022-07-07,14.01,14.44,14.64,13.83,320817.0
2022-07-08,14.58,14.06,14.77,14.03,262075.0
2022-07-11,14.06,14.08,14.29,13.88,273298.0
2022-07-12,14.02,13.9,14.44,13.9,253399.0
2022-07-13,13.95,14.32,14.55,13.74,301755.0
2022-07-14,14.26,14.57,14.72,14.11,345436.0
2022-07-15,14.54,14.7,15.19,14.52,435533.0
2022-07-18,14.88,15.04,15.06,14.57,335112.0
2022-07-19,14.92,14.91,15.3,14.8,364008.0
2022-07-20,14.92,15.07,15.13,14.64,290563.0
2022-07-21,15.0,14.63,15.02,14.58,295542.0
2022-07-22,14.72,14.5,14.9,14.3,246111.0
2022-07-25,14.3,13.78,14.43,13.71,270071.0
2022-07-26,13.8,14.28,14.34,13.59,232569.0
2022-07-27,14.23,14.88,14.95,14.13,412641.0
2022-07-28,15.05,14.77,15.17,14.65,323566.0
2022-07-29,14.78,14.71,15.06,14.65,228724.0
2022-08-01,14.66,15.34,15.41,14.54,486015.0
2022-08-02,15.01,14.59,15.07,14.46,452270.0
2022-08-03,14.8,14.2,15.07,14.05,384596.0
2022-08-04,14.3,14.18,14.48,13.93,244902.0
2022-08-05,14.2,15.6,15.6,13.82,636532.0
2022-08-08,15.28,15.58,15.89,14.89,915818.0
2022-08-09,15.33,15.19,15.55,15.07,506528.0
2022-08-10,15.2,15.51,15.59,15.07,508817.0
2022-08-11,15.6,15.69,15.76,15.26,480976.0
2022-08-12,15.6,15.64,16.3,15.55,594312.0
2022-08-15,15.45,16.2,16.48,15.28,574903.0
2022-08-16,16.2,16.1,16.49,16.01,405766.0
2022-08-17,16.18,16.55,16.56,16.01,408524.0
2022-08-18,16.48,16.44,16.7,16.22,374311.0
2022-08-19,16.41,15.52,16.41,15.52,438737.0
2022-08-22,15.4,15.51,15.72,15.31,253198.0
2022-08-23,15.58,15.68,15.7,15.39,231593.0
2022-08-24,15.68,14.52,15.68,14.46,438959.0
2022-08-25,14.53,14.31,14.68,13.98,273709.0
2022-08-26,14.3,13.83,14.45,13.8,260871.0
2022-08-29,13.6,13.91,14.05,13.5,191354.0
2022-08-30,14.11,13.92,14.29,13.84,236215.0
2022-08-31,13.8,13.35,13.92,13.29,241379.0
2022-09-01,13.35,13.26,13.55,13.22,134788.0
2022-09-02,13.21,13.33,13.52,13.21,124846.0
2022-09-05,13.27,13.39,13.49,13.22,109716.0
2022-09-06,13.4,13.95,13.96,13.36,231569.0
2022-09-07,13.84,13.99,14.14,13.8,192720.0
2022-09-08,14.02,13.59,14.03,13.57,150757.0
2022-09-09,13.7,13.52,13.71,13.39,115923.0
2022-09-13,13.52,13.59,13.69,13.42,103766.0
2022-09-14,13.32,13.14,13.44,13.1,148930.0
2022-09-15,13.24,12.54,13.28,12.38,228628.0
2022-09-16,12.46,12.17,12.62,12.16,138440.0
2022-09-19,12.1,12.23,12.35,12.01,110372.0
2022-09-20,12.37,12.34,12.51,12.29,108156.0
2022-09-21,12.31,12.58,12.66,12.08,115286.0
2022-09-22,12.5,12.66,12.78,12.4,120027.0
2022-09-23,12.6,12.38,12.7,12.2,122695.0
2022-09-26,12.2,12.28,12.49,12.14,119760.0
2022-09-27,12.32,12.53,12.54,12.2,117666.0
2022-09-28,12.45,12.08,12.53,12.07,128332.0
2022-09-29,12.16,11.95,12.29,11.79,178474.0
2022-09-30,11.92,11.6,11.98,11.54,163689.0
2022-10-10,11.6,11.36,11.75,11.26,133295.0
2022-10-11,11.44,11.62,11.71,11.38,125683.0
2022-10-12,11.7,12.18,12.24,11.53,151570.0
2022-10-13,12.12,12.31,12.38,12.12,178823.0
2022-10-14,12.36,12.44,12.6,12.22,187906.0
2022-10-17,12.27,12.73,12.79,12.22,186626.0
2022-10-18,12.79,13.12,13.55,12.67,321166.0
2022-10-19,13.11,13.14,13.56,13.06,260201.0
2022-10-20,13.05,12.9,13.11,12.65,193382.0
2022-10-21,12.88,12.9,13.05,12.8,118001.0
2022-10-24,12.81,12.69,13.17,12.56,182391.0
2022-10-25,12.71,12.71,12.88,12.3,153195.0
2022-10-26,12.8,12.89,13.04,12.62,157485.0
2022-10-27,12.97,12.61,13.15,12.59,172294.0
2022-10-28,12.53,11.94,12.62,11.86,188539.0
2022-10-31,12.01,12.45,12.66,12.01,178387.0
2022-11-01,12.52,12.89,12.9,12.5,193690.0
2022-11-02,12.81,12.96,13.04,12.77,152023.0
2022-11-03,12.86,13.01,13.07,12.83,124742.0
2022-11-04,12.96,13.4,13.49,12.93,268807.0
2022-11-07,13.35,13.2,13.42,13.14,176278.0
2022-11-08,13.15,13.15,13.26,12.98,121480.0
2022-11-09,13.29,13.09,13.33,13.02,118790.0
2022-11-10,13.0,12.82,13.08,12.76,144204.0
2022-11-11,13.18,12.92,13.21,12.92,164911.0
2022-11-14,12.91,12.76,13.05,12.71,142513.0
2022-11-15,12.76,13.04,13.05,12.71,169011.0
2022-11-16,13.04,12.91,13.09,12.87,131658.0
2022-11-17,12.89,12.73,12.89,12.55,150980.0
2022-11-18,12.67,12.87,13.05,12.67,167248.0
2022-11-21,12.86,13.05,13.05,12.72,117991.0
2022-11-22,13.1,12.72,13.12,12.68,119631.0
2022-11-23,12.69,12.76,12.84,12.32,170569.0
2022-11-24,12.79,13.8,14.04,12.79,899074.0
2022-11-25,13.86,13.55,13.88,13.45,473624.0
2022-11-28,13.33,13.17,13.45,13.04,353490.0
2022-11-29,13.18,13.27,13.3,12.97,262802.0
2022-11-30,13.22,13.22,13.43,13.1,203624.0
2022-12-01,13.36,13.29,13.59,13.17,250902.0
2022-12-02,13.27,13.84,14.1,13.21,468164.0
2022-12-05,14.19,14.06,14.27,13.77,330990.0
2022-12-06,13.95,13.93,14.1,13.82,168892.0
2022-12-07,13.92,13.99,14.07,13.83,154513.0
2022-12-08,13.96,13.8,14.07,13.76,157005.0
2022-12-09,13.72,13.59,13.97,13.54,168441.0
2022-12-12,13.59,13.52,13.67,13.37,135283.0
2022-12-13,13.51,13.37,13.77,13.31,146509.0
2022-12-14,13.42,13.35,13.59,13.27,126764.0
2022-12-15,13.3,13.51,13.59,13.16,148584.0
2022-12-16,13.41,13.09,13.43,12.93,165408.0
2022-12-19,13.17,12.87,13.23,12.79,117882.0
2022-12-20,12.86,13.03,13.04,12.81,101989.0
2022-12-21,13.01,12.62,13.01,12.41,201528.0
2022-12-22,12.67,12.29,12.69,12.22,109484.0
2022-12-23,12.2,12.12,12.41,12.02,85484.0
2022-12-26,12.12,12.54,12.61,12.09,101247.0
2022-12-27,12.63,12.77,12.81,12.37,116566.0
2022-12-28,12.69,12.61,12.76,12.54,79244.0
2022-12-29,12.55,12.38,12.68,12.37,93585.0
2022-12-30,12.5,12.46,12.66,12.38,92077.0
2023-01-03,12.38,12.64,12.76,12.2,186449.0
2023-01-04,12.61,12.42,12.66,12.31,130471.0
2023-01-05,12.43,12.88,13.08,12.38,229402.0
2023-01-06,13.3,13.06,13.47,13.0,389740.0
2023-01-09,13.05,13.24,13.44,13.05,229199.0
2023-01-10,13.2,13.06,13.25,12.95,150754.0
2023-01-11,13.09,12.91,13.19,12.85,163092.0
2023-01-12,12.88,13.0,13.14,12.85,186232.0
2023-01-13,13.05,13.02,13.17,12.89,129940.0
2023-01-16,12.98,13.11,13.24,12.89,167725.0
2023-01-17,13.12,13.14,13.19,13.03,102981.0
2023-01-18,13.19,13.12,13.21,13.11,91993.0
2023-01-19,13.08,13.15,13.17,13.0,92626.0
2023-01-20,13.25,13.26,13.3,13.17,125294.0
2023-01-30,13.45,13.4,13.65,13.36,209119.0
2023-01-31,13.31,13.56,13.57,13.31,156379.0
2023-02-01,13.63,13.69,13.79,13.54,183318.0
2023-02-02,13.69,13.6,13.74,13.49,159913.0
2023-02-03,13.52,13.38,13.58,13.2,178617.0
2023-02-06,13.37,13.37,13.45,13.26,108046.0
2023-02-07,13.37,13.61,13.73,13.27,229844.0
2023-02-08,13.65,13.43,13.68,13.4,180161.0
2023-02-09,13.4,13.65,13.66,13.33,183090.0
2023-02-10,13.62,13.5,13.64,13.39,140342.0
2023-02-13,13.49,13.68,13.74,13.45,182686.0
2023-02-14,13.68,13.85,13.88,13.6,202594.0
2023-02-15,13.82,13.78,13.92,13.71,146366.0
2023-02-16,13.8,13.36,13.81,13.25,213072.0
2023-02-17,13.36,13.13,13.44,13.12,157045.0
2023-02-20,13.14,13.31,13.33,13.01,140653.0
2023-02-21,13.4,13.6,13.73,13.34,195802.0
2023-02-22,13.53,13.57,13.72,13.47,113392.0
2023-02-23,13.65,13.58,13.7,13.47,112386.0
2023-02-24,13.55,13.48,13.58,13.42,88139.0
2023-02-27,13.47,13.54,13.73,13.39,141249.0
2023-02-28,13.57,13.54,13.61,13.37,99953.0
2023-03-01,13.57,13.54,13.57,13.39,100030.0
2023-03-02,13.55,13.35,13.57,13.34,177776.0
2023-03-03,13.32,13.22,13.46,13.12,174362.0
2023-03-06,13.24,13.27,13.31,13.11,128165.0
2023-03-07,13.2,12.8,13.27,12.77,204901.0
2023-03-08,12.8,12.84,12.89,12.72,106155.0
2023-03-09,12.88,12.81,12.9,12.78,82879.0
2023-03-10,12.75,12.55,12.8,12.51,115646.0
2023-03-13,12.52,12.54,12.62,12.39,90560.0
2023-03-14,12.48,12.32,12.52,12.17,101850.0
2023-03-15,12.39,12.4,12.52,12.37,78467.0
2023-03-16,12.36,12.18,12.4,12.18,94594.0
2023-03-17,12.28,12.2,12.33,12.17,88043.0
2023-03-20,12.17,12.33,12.43,12.12,112062.0
2023-03-21,12.33,12.5,12.51,12.29,86563.0
2023-03-22,12.52,12.5,12.6,12.45,107108.0
2023-03-23,12.49,12.63,12.75,12.42,105466.0
2023-03-24,12.62,12.71,12.75,12.57,105997.0
2023-03-27,12.71,12.66,12.76,12.62,84065.0
2023-03-28,12.7,12.56,12.7,12.53,68733.0
2023-03-29,12.59,12.42,12.61,12.42,66899.0
2023-03-30,12.5,12.44,12.5,12.34,68573.0
2023-03-31,12.46,12.63,12.68,12.46,87679.0
2023-04-03,12.57,12.6,12.69,12.5,109367.0
2023-04-04,12.6,12.17,12.62,12.13,201594.0
2023-04-06,12.16,12.21,12.26,12.12,96222.0
2023-04-07,12.2,12.25,12.31,12.2,75048.0
2023-04-10,12.28,12.65,12.7,12.26,200644.0
2023-04-11,12.7,12.61,12.76,12.51,113995.0
2023-04-12,12.61,12.72,12.88,12.59,143982.0
2023-04-13,12.76,12.72,12.91,12.65,133545.0
2023-04-14,12.73,12.69,12.86,12.67,94260.0
2023-04-17,12.77,12.84,12.88,12.68,113805.0
2023-04-18,12.8,12.85,12.93,12.76,98226.0
2023-04-19,12.85,12.75,12.93,12.72,83963.0
2023-04-20,12.75,12.67,12.8,12.61,84928.0
2023-04-21,12.74,12.37,12.77,12.32,125752.0
2023-04-24,12.37,11.94,12.37,11.86,163607.0
2023-04-25,11.95,11.54,12.0,11.38,153306.0
2023-04-26,11.51,11.96,12.04,11.5,115264.0
2023-04-27,12.01,11.92,12.11,11.85,76771.0
2023-04-28,11.93,12.26,12.26,11.93,89358.0
2023-05-04,12.3,12.28,12.65,12.25,183221.0
2023-05-05,12.25,12.11,12.34,11.98,125543.0
2023-05-08,12.16,12.28,12.44,12.16,101215.0
2023-05-09,12.34,12.07,12.34,12.06,94597.0
2023-05-10,12.1,12.35,12.46,12.03,92505.0
2023-05-11,12.34,12.34,12.45,12.3,61625.0
2023-05-12,12.39,12.19,12.45,12.15,57827.0
2023-05-15,12.19,12.45,12.47,12.15,89917.0
2023-05-16,12.45,12.43,12.56,12.34,82649.0
2023-05-17,12.42,12.58,12.59,12.36,80780.0
2023-05-18,12.6,12.72,12.87,12.51,174267.0
2023-05-19,12.6,12.55,12.64,12.37,145487.0
2023-05-22,12.49,12.44,12.58,12.41,68423.0
2023-05-23,12.51,12.27,12.52,12.24,85355.0
2023-05-24,12.2,12.28,12.43,12.15,68073.0
2023-05-25,12.22,12.29,12.48,12.18,104549.0
2023-05-26,12.3,12.29,12.31,11.96,133701.0
2023-05-29,12.26,12.0,12.29,11.95,135909.0
2023-05-30,11.96,12.05,12.1,11.92,87724.0
2023-05-31,12.05,12.04,12.14,12.01,77476.0
2023-06-01,12.03,11.95,12.12,11.94,90757.0
2023-06-02,12.0,12.16,12.22,11.99,103473.0
2023-06-05,12.22,12.08,12.22,11.97,78354.0
2023-06-06,12.06,11.81,12.06,11.8,100844.0
2023-06-07,11.84,11.66,11.9,11.6,101206.0
2023-06-08,11.62,11.68,11.74,11.61,66849.0
2023-06-09,11.7,11.75,11.76,11.6,116408.0
2023-06-12,11.75,11.89,11.96,11.67,96343.0
2023-06-13,11.88,11.92,11.97,11.83,61403.0
2023-06-14,11.86,11.71,11.92,11.68,86404.0
2023-06-15,11.67,12.21,12.23,11.67,174983.0
2023-06-16,12.25,12.25,12.31,12.13,110352.0
2023-06-19,12.31,12.26,12.44,12.24,111558.0
2023-06-20,12.29,12.69,12.72,12.2,318065.0
2023-06-21,12.95,12.97,13.35,12.9,595979.0
2023-06-26,12.81,12.85,13.22,12.76,429365.0
2023-06-27,12.77,12.96,13.03,12.49,409051.0
2023-06-28,12.92,13.22,13.3,12.91,429423.0
2023-06-29,13.23,13.66,13.97,13.1,634833.0
2023-06-30,13.71,14.61,14.86,13.67,948220.0
2023-07-03,15.03,14.51,15.2,14.02,775580.0
2023-07-04,14.48,14.47,14.87,14.3,581740.0
2023-07-05,14.3,14.2,14.49,14.08,457123.0
2023-07-06,14.18,14.12,14.32,13.91,425466.0
2023-07-07,14.05,13.72,14.11,13.6,469064.0
2023-07-10,13.74,13.67,13.79,13.55,258294.0
2023-07-11,13.74,13.91,13.97,13.7,282090.0
2023-07-12,13.87,13.67,14.03,13.62,298991.0
2023-07-13,13.73,13.72,13.82,13.65,199345.0
2023-07-14,13.73,13.55,13.79,13.52,192118.0
2023-07-17,13.39,13.29,13.46,13.2,158263.0
2023-07-18,13.3,13.39,13.44,13.15,194290.0
2023-07-19,13.38,13.18,13.42,13.11,165880.0
2023-07-20,13.29,13.02,13.29,13.0,131176.0
2023-07-21,12.94,12.95,13.17,12.92,114662.0
2023-07-24,12.88,12.91,13.07,12.85,73368.0
2023-07-25,13.06,13.09,13.19,12.95,158531.0
2023-07-26,13.09,12.82,13.09,12.78,160126.0
2023-07-27,12.99,12.85,13.25,12.82,191204.0
2023-07-28,12.8,12.91,12.97,12.55,209093.0
2023-07-31,12.93,12.94,13.1,12.9,150993.0
2023-08-01,12.93,12.83,12.94,12.78,112412.0
2023-08-02,12.83,12.92,12.96,12.78,129517.0
2023-08-03,12.85,12.9,12.93,12.74,110157.0
2023-08-04,12.88,13.12,13.24,12.86,202434.0
2023-08-07,13.1,12.75,13.15,12.6,288493.0
2023-08-08,12.75,12.7,12.84,12.62,116908.0
2023-08-09,12.65,12.54,12.7,12.47,113498.0
2023-08-10,12.5,12.53,12.66,12.46,76514.0
2023-08-11,12.55,12.23,12.59,12.23,124955.0
2023-08-14,12.11,12.24,12.25,12.0,131558.0
2023-08-15,12.2,12.12,12.29,12.0,82072.0
2023-08-16,12.07,11.98,12.18,11.96,85734.0
2023-08-17,11.92,12.17,12.23,11.89,140560.0
2023-08-18,12.1,11.88,12.23,11.88,114542.0
2023-08-21,11.84,11.79,11.98,11.76,95028.0
2023-08-22,11.81,11.82,11.88,11.58,113313.0
2023-08-23,11.79,11.58,11.79,11.58,83641.0
2023-08-24,11.6,11.57,11.72,11.5,108915.0
2023-08-25,11.54,11.42,11.69,11.36,127859.0
2023-08-28,12.06,11.47,12.06,11.44,187986.0
2023-08-29,11.43,12.01,12.06,11.43,232708.0
2023-08-30,11.99,12.08,12.23,11.93,178074.0
2023-08-31,12.22,12.2,12.38,12.15,228924.0
2023-09-01,12.2,12.17,12.25,12.1,108678.0
2023-09-04,12.22,12.26,12.27,12.07,151676.0
2023-09-05,12.24,12.24,12.36,12.2,116824.0
2023-09-06,12.19,12.19,12.23,12.1,96060.0
2023-09-07,12.19,11.99,12.19,11.98,113141.0
2023-09-08,11.96,11.97,12.11,11.95,104375.0
2023-09-11,11.97,12.1,12.16,11.92,127352.0
2023-09-12,12.11,12.17,12.27,12.09,125013.0
2023-09-13,12.18,11.98,12.18,11.9,114083.0
2023-09-14,11.98,11.85,11.98,11.72,139101.0
2023-09-15,11.85,11.69,11.89,11.65,147357.0
2023-09-18,11.63,11.9,11.94,11.6,121837.0
2023-09-19,11.9,11.7,11.9,11.64,113096.0
2023-09-20,11.69,11.62,11.74,11.6,82129.0
2023-09-21,11.56,11.52,11.67,11.47,77962.0
2023-09-22,11.5,11.74,11.76,11.49,78577.0
2023-09-25,11.74,11.7,11.83,11.65,99142.0
2023-09-26,11.68,11.67,11.76,11.63,70557.0
2023-09-27,11.7,11.82,11.87,11.63,116407.0
2023-09-28,11.83,12.03,12.08,11.82,121454.0
2023-10-09,12.1,12.09,12.16,11.97,131775.0
2023-10-10,12.08,11.98,12.12,11.91,100530.0
2023-10-11,12.0,11.93,12.03,11.9,109972.0
2023-10-12,12.02,12.13,12.15,11.92,133440.0
2023-10-13,12.07,12.03,12.11,11.97,92032.0
2023-10-16,12.09,11.9,12.18,11.81,109371.0
2023-10-17,11.92,11.81,11.92,11.76,83679.0
2023-10-18,11.82,11.63,11.82,11.63,82345.0
2023-10-19,11.61,11.46,11.68,11.4,96241.0
2023-10-20,11.38,11.46,11.58,11.38,83641.0
2023-10-23,11.46,11.05,11.5,11.0,120691.0
2023-10-24,11.08,11.19,11.25,11.04,106471.0
2023-10-25,11.25,11.29,11.53,11.21,112066.0
2023-10-26,11.21,11.36,11.39,11.09,93476.0
2023-10-27,11.35,11.59,11.66,11.27,125299.0
2023-10-30,11.51,11.61,11.65,11.46,131633.0
2023-10-31,11.6,11.23,11.68,11.19,266953.0
2023-11-01,11.25,11.26,11.34,11.16,128834.0
2023-11-02,11.27,11.08,11.29,11.06,148329.0
2023-11-03,11.32,11.68,11.91,11.31,509562.0
2023-11-06,11.78,12.2,12.35,11.71,519073.0
2023-11-07,12.13,12.3,12.44,12.11,419152.0
2023-11-08,12.38,12.2,12.41,12.11,296654.0
2023-11-09,12.15,12.12,12.38,11.99,322199.0
2023-11-10,12.11,11.91,12.11,11.91,192634.0
2023-11-13,11.99,11.97,12.05,11.88,160025.0
2023-11-14,11.93,11.98,12.0,11.91,160669.0
2023-11-15,12.09,12.02,12.13,11.97,191481.0
2023-11-16,12.02,11.82,12.02,11.82,162500.0
2023-11-17,11.81,12.04,12.08,11.76,207269.0
2023-11-20,12.05,12.19,12.27,11.94,264223.0
2023-11-21,12.26,12.07,12.26,12.02,206534.0
2023-11-22,12.0,11.83,12.04,11.82,151644.0
2023-11-23,11.8,11.98,12.0,11.73,148196.0
2023-11-24,11.98,11.78,12.0,11.76,127536.0
2023-11-27,11.76,11.79,11.83,11.64,114616.0
2023-11-28,11.77,12.02,12.04,11.74,150454.0
2023-11-29,12.21,12.46,12.8,12.16,672330.0
2023-11-30,12.5,12.34,12.6,12.17,309092.0
2023-12-01,12.27,12.1,12.32,11.97,305824.0
2023-12-04,12.07,12.05,12.21,12.02,187433.0
2023-12-05,11.95,11.68,11.99,11.68,200817.0
2023-12-06,11.65,11.85,12.04,11.62,181182.0
2023-12-07,11.84,11.78,11.87,11.72,118479.0
2023-12-08,11.76,11.62,11.85,11.62,172006.0
2023-12-11,11.55,11.86,11.9,11.48,159977.0
2023-12-12,11.86,12.01,12.08,11.8,157312.0
2023-12-13,11.98,11.92,12.11,11.85,125409.0
2023-12-14,11.99,11.8,12.0,11.76,112494.0
2023-12-15,11.81,11.69,11.89,11.68,104236.0
2023-12-18,11.62,11.46,11.64,11.39,133728.0
2023-12-19,11.43,11.46,11.5,11.36,86661.0
2023-12-20,11.46,11.27,11.51,11.26,109234.0
2023-12-21,11.2,11.38,11.44,11.11,107223.0
2023-12-22,11.37,11.37,11.45,11.23,100178.0
2023-12-25,11.35,11.39,11.49,11.32,73402.0
2023-12-26,11.36,11.14,11.37,11.09,99055.0
2023-12-27,11.15,11.25,11.27,11.1,87059.0
2023-12-28,11.24,11.59,11.63,11.2,166766.0
2023-12-29,11.57,11.73,11.76,11.55,160526.0
2024-01-02,11.77,11.73,11.89,11.69,164511.0
2024-01-03,11.71,11.67,11.75,11.56,116367.0
2024-01-04,11.61,11.47,11.64,11.38,118735.0
2024-01-05,11.48,11.26,11.58,11.19,132056.0
2024-01-08,11.26,10.99,11.28,10.98,161716.0
2024-01-09,10.98,11.09,11.25,10.98,118694.0
2024-01-10,11.1,10.96,11.14,10.83,112845.0
2024-01-11,10.96,11.3,11.32,10.96,132288.0
2024-01-12,11.3,11.21,11.39,11.17,89888.0
2024-01-15,11.15,11.03,11.19,11.0,114272.0
2024-01-16,11.0,11.07,11.25,10.87,165703.0
2024-01-17,11.0,10.68,11.04,10.67,168181.0
2024-01-18,10.61,10.64,10.7,10.28,176539.0
2024-01-19,10.61,10.47,10.76,10.45,117795.0
2024-01-22,10.45,9.85,10.45,9.77,183972.0
2024-01-23,9.81,9.98,10.05,9.72,135448.0
2024-01-24,10.09,10.13,10.2,9.79,132883.0
2024-01-25,10.2,10.44,10.47,10.07,137978.0
2024-01-26,10.36,10.39,10.51,10.36,103357.0
2024-01-29,10.49,10.12,10.52,10.12,108179.0
2024-01-30,10.05,9.94,10.3,9.92,122073.0
2024-01-31,9.89,9.52,10.04,9.51,178772.0
2024-02-01,9.53,9.61,9.77,9.42,144255.0
2024-02-02,9.65,9.19,9.72,8.89,186440.0
2024-02-05,9.05,8.69,9.09,8.31,256582.0
2024-02-06,8.68,9.54,9.56,8.52,230395.0
2024-02-07,9.58,10.31,10.39,9.57,319306.0
2024-02-08,10.41,10.48,10.9,10.32,307826.0
2024-02-19,10.64,10.39,10.64,10.26,220532.0
2024-02-20,10.36,10.32,10.37,10.2,130997.0
2024-02-21,10.3,10.38,10.66,10.18,206607.0
2024-02-22,10.33,10.43,10.49,10.29,147075.0
2024-02-23,10.47,10.55,10.59,10.26,194457.0
2024-02-26,10.86,10.83,10.93,10.67,256219.0
2024-02-27,10.85,11.0,11.0,10.71,239316.0
2024-02-28,11.04,10.6,11.17,10.58,299427.0
2024-02-29,10.55,11.0,11.01,10.53,217862.0
2024-03-01,11.02,11.06,11.14,10.92,202342.0
2024-03-04,11.1,11.0,11.16,10.9,158873.0
2024-03-05,10.93,11.28,11.44,10.85,370528.0
2024-03-06,11.24,11.68,11.88,11.18,518038.0
2024-03-07,11.67,11.27,11.78,11.26,356218.0
2024-03-08,11.27,11.39,11.45,11.13,205410.0
2024-03-11,11.64,11.9,11.92,11.42,446271.0
2024-03-12,12.04,12.35,12.63,11.96,677072.0
2024-03-13,12.5,13.05,13.27,12.13,994472.0
2024-03-14,12.93,12.58,13.12,12.4,651736.0
2024-03-15,12.83,13.14,13.27,12.71,736193.0
2024-03-18,13.8,14.45,14.45,13.79,371971.0
2024-03-19,15.86,15.22,15.87,14.76,1842477.0
2024-03-20,16.0,16.74,16.74,16.0,918680.0
2024-03-21,18.07,18.41,18.41,17.59,1906190.0
2024-03-22,18.4,17.6,18.88,17.32,2238702.0
2024-03-25,17.53,16.61,18.1,16.44,1747022.0
2024-03-26,16.56,16.18,16.7,15.87,1400664.0
2024-03-27,15.91,15.85,16.79,15.23,1573048.0
2024-03-28,16.54,17.44,17.44,16.4,1781605.0
2024-03-29,17.24,16.9,17.5,16.54,1705091.0
2024-04-01,16.6,16.35,16.84,16.0,1092150.0
2024-04-02,16.28,15.32,16.42,14.97,1556597.0
2024-04-03,15.1,15.08,15.44,14.86,891474.0
2024-04-08,15.08,14.74,15.25,14.66,707805.0
2024-04-09,14.72,14.9,15.04,14.52,686124.0
2024-04-10,14.81,15.0,15.44,14.18,1179611.0
2024-04-11,14.45,14.42,14.76,14.2,878746.0
2024-04-12,14.49,14.25,14.55,14.18,489528.0
2024-04-15,14.25,14.0,14.39,13.77,617410.0
2024-04-16,13.99,13.59,14.24,13.47,636929.0
2024-04-17,13.8,14.47,14.53,13.79,845196.0
2024-04-18,14.46,15.05,15.59,14.36,1469102.0
2024-04-19,14.76,15.73,15.84,14.76,1422537.0
2024-04-22,15.12,14.2,15.12,14.16,1162854.0
2024-04-23,14.19,14.1,14.56,14.01,608564.0
2024-04-24,14.05,15.2,15.36,14.04,1108915.0
2024-04-25,15.17,15.12,15.34,14.86,873356.0
2024-04-26,15.16,15.6,16.28,15.0,1447864.0
2024-04-29,14.73,15.17,15.25,14.31,1429172.0
2024-04-30,15.0,13.93,15.0,13.85,1156178.0
2024-05-06,14.11,15.32,15.32,14.11,561339.0
2024-05-07,15.68,15.69,16.23,15.43,1839205.0
2024-05-08,15.33,15.17,15.69,14.94,1002067.0
2024-05-09,15.0,15.17,15.53,15.0,830853.0
2024-05-10,15.18,14.57,15.39,14.37,889848.0
2024-05-13,14.19,14.13,14.46,13.88,701593.0
2024-05-14,14.36,14.06,14.36,13.9,547187.0
2024-05-15,14.0,14.03,14.33,13.89,591539.0
2024-05-16,14.05,14.34,14.72,14.05,792475.0
2024-05-17,14.59,15.0,15.0,14.15,1105281.0
2024-05-20,14.96,14.79,15.08,14.58,777931.0
2024-05-21,14.66,14.67,14.95,14.35,681113.0
2024-05-22,14.58,15.36,15.5,14.4,1081166.0
2024-05-23,15.3,15.0,15.57,14.84,841305.0
2024-05-24,14.8,14.3,14.9,14.23,654112.0
2024-05-27,14.33,14.07,14.42,13.71,510051.0
2024-05-28,13.9,13.76,14.04,13.76,330122.0
2024-05-29,13.7,13.87,13.94,13.62,300287.0
2024-05-30,13.92,13.42,13.98,13.32,510287.0
2024-05-31,13.4,13.61,13.78,13.4,337061.0
2024-06-03,13.77,13.67,13.86,13.53,319762.0
2024-06-04,13.55,13.88,13.98,13.5,391244.0
2024-06-05,13.76,13.52,13.89,13.51,295679.0
2024-06-06,13.5,13.03,13.58,12.96,536985.0
2024-06-07,13.17,13.1,13.25,12.89,311652.0
2024-06-11,12.97,13.18,13.22,12.81,249700.0
2024-06-12,13.09,13.32,13.38,13.07,245736.0
2024-06-13,13.24,13.23,13.34,13.13,245024.0
2024-06-14,13.19,13.25,13.29,13.06,187031.0
2024-06-17,13.2,13.09,13.33,13.07,235159.0
2024-06-18,13.15,13.3,13.37,13.08,329388.0
2024-06-19,13.29,13.31,13.58,13.23,513879.0
2024-06-20,13.25,12.6,13.28,12.56,601290.0
2024-06-21,12.58,12.58,12.79,12.54,238039.0
2024-06-24,12.42,12.11,12.48,12.09,343565.0
2024-06-25,12.14,12.07,12.28,11.96,258497.0
2024-06-26,12.13,12.32,12.37,11.83,282233.0
2024-06-27,12.32,11.97,12.32,11.91,215723.0
2024-06-28,12.03,12.15,12.38,12.03,294774.0
2024-07-01,12.14,12.2,12.28,12.03,174789.0
2024-07-02,12.21,11.93,12.22,11.87,206475.0
2024-07-03,11.93,11.71,11.95,11.68,173435.0
2024-07-04,11.74,11.54,11.92,11.51,191891.0
2024-07-05,11.55,11.58,11.65,11.35,183786.0
2024-07-08,11.54,11.29,11.58,11.26,209667.0
2024-07-09,11.27,11.68,11.72,11.21,263677.0
2024-07-10,11.58,11.63,11.87,11.56,186922.0
2024-07-11,11.93,11.85,11.95,11.74,220780.0
2024-07-12,11.82,11.83,11.92,11.73,163821.0
2024-07-15,11.72,11.67,11.83,11.59,144436.0
2024-07-16,11.58,11.68,11.73,11.5,156644.0
2024-07-17,11.69,11.33,11.72,11.32,210813.0
2024-07-18,11.26,11.24,11.3,11.0,232981.0
2024-07-19,11.2,11.27,11.37,11.16,154472.0
2024-07-22,11.26,11.28,11.42,11.19,145670.0
2024-07-23,11.3,10.96,11.38,10.96,166988.0
2024-07-24,10.94,10.87,11.11,10.86,178727.0
2024-07-25,10.84,11.01,11.19,10.75,164931.0
2024-07-26,10.96,11.29,11.38,10.96,196984.0
2024-07-29,11.28,11.66,11.99,11.17,501920.0
2024-07-30,11.6,11.49,11.68,11.36,373124.0
2024-07-31,11.5,12.16,12.33,11.39,516210.0
2024-08-01,12.22,12.31,12.45,12.09,458834.0
2024-08-02,12.15,12.43,12.78,12.12,691049.0
2024-08-05,12.33,12.0,12.67,11.98,632637.0
2024-08-06,12.2,11.94,12.29,11.75,410815.0
2024-08-07,11.98,11.84,12.12,11.82,227711.0
2024-08-08,11.8,11.54,11.83,11.48,267331.0
2024-08-09,11.59,11.44,11.89,11.43,197144.0
2024-08-12,11.44,11.27,11.5,11.22,143075.0
2024-08-13,11.28,11.39,11.42,11.21,120592.0
2024-08-14,11.35,11.13,11.44,11.13,139725.0
2024-08-15,11.12,11.26,11.37,11.01,168725.0
2024-08-16,11.23,11.02,11.28,10.98,191165.0
2024-08-19,11.09,10.96,11.18,10.93,130697.0
2024-08-20,10.96,10.7,11.0,10.66,169936.0
2024-08-21,10.62,10.76,10.81,10.58,117417.0
2024-08-22,10.72,10.37,10.77,10.33,191271.0
2024-08-23,10.41,10.41,10.52,10.28,133719.0
2024-08-26,10.43,10.63,10.74,10.41,205350.0
2024-08-27,10.58,10.23,10.58,10.2,176807.0
2024-08-28,10.19,10.24,10.38,10.12,123827.0
2024-08-29,10.25,10.75,10.94,10.16,297707.0
2024-08-30,10.75,10.98,11.21,10.66,310116.0
2024-09-02,10.78,10.38,11.0,10.36,269814.0
2024-09-03,10.33,10.54,10.6,10.33,147936.0
2024-09-04,10.5,10.49,10.63,10.37,107457.0
2024-09-05,10.49,10.57,10.7,10.48,104794.0
2024-09-06,10.52,10.42,10.76,10.39,174288.0
2024-09-09,10.13,10.3,10.41,10.1,146095.0
2024-09-10,10.3,10.42,10.49,10.17,152852.0
2024-09-11,10.35,10.33,10.44,10.25,93022.0
2024-09-12,10.36,10.27,10.57,10.26,125433.0
2024-09-13,10.25,10.0,10.34,10.0,179923.0
2024-09-18,10.02,10.08,10.15,9.9,118269.0
2024-09-19,10.14,10.26,10.4,10.02,171539.0
2024-09-20,10.29,10.19,10.33,10.11,96435.0
2024-09-23,10.19,10.12,10.28,10.08,111539.0
2024-09-24,10.17,10.58,10.59,10.11,259882.0
2024-09-25,10.66,10.64,11.03,10.61,266065.0
2024-09-26,10.63,11.01,11.01,10.58,248094.0
2024-09-27,11.25,11.66,11.68,11.22,248957.0
2024-09-30,12.18,12.72,12.8,12.07,681890.0
2024-10-08,13.99,13.59,13.99,12.83,860028.0
2024-10-09,13.3,12.63,13.37,12.5,656617.0
2024-10-10,12.75,12.37,13.0,12.35,458725.0
2024-10-11,12.23,11.73,12.4,11.57,358363.0
2024-10-14,11.73,12.17,12.24,11.62,305806.0
2024-10-15,12.18,11.86,12.25,11.8,408387.0
2024-10-16,11.7,11.82,11.97,11.62,237662.0
2024-10-17,11.87,11.69,12.06,11.69,290555.0
2024-10-18,11.64,12.35,12.57,11.61,544458.0
2024-10-21,12.44,13.11,13.28,12.44,752052.0
2024-10-22,13.51,13.25,13.86,12.83,1080945.0
2024-10-23,13.01,13.6,14.05,13.0,930392.0
2024-10-24,13.74,13.26,13.74,13.22,445326.0
2024-10-25,13.25,13.36,13.72,13.22,564140.0
2024-10-28,13.54,13.48,13.7,13.31,549877.0
2024-10-29,13.35,13.05,13.44,13.04,490417.0
2024-10-30,13.07,13.63,13.83,12.94,772513.0
2024-10-31,14.19,14.99,14.99,14.11,1004979.0
2024-11-01,15.5,16.18,16.49,14.1,2499848.0
2024-11-04,16.62,15.92,17.17,15.5,1968879.0
2024-11-05,15.75,16.2,16.39,15.75,1480601.0
2024-11-06,16.98,16.48,17.7,16.28,1617630.0
2024-11-07,15.95,15.92,16.1,15.4,1228438.0
2024-11-08,16.06,15.98,16.48,15.88,844369.0
2024-11-11,15.67,16.47,16.47,15.63,874418.0
2024-11-12,16.7,15.89,16.75,15.71,710750.0
2024-11-13,15.68,15.72,15.86,15.3,517010.0
2024-11-14,15.66,15.06,15.72,15.01,437801.0
2024-11-15,15.0,14.5,15.12,14.45,454852.0
2024-11-18,14.46,14.4,14.67,14.08,491380.0
2024-11-19,14.68,14.7,14.76,14.2,534373.0
2024-11-20,14.51,15.01,15.13,14.48,554961.0
2024-11-21,14.99,14.79,15.05,14.65,414072.0
2024-11-22,14.75,14.07,14.75,14.05,506144.0
2024-11-25,14.07,14.1,14.19,13.7,348877.0
2024-11-26,14.1,13.76,14.15,13.75,260826.0
2024-11-27,13.63,14.09,14.09,13.47,301733.0
2024-11-28,14.12,14.08,14.4,14.02,406968.0
2024-11-29,14.08,14.56,14.74,13.93,537187.0
2024-12-02,14.73,15.35,15.4,14.66,883819.0
2024-12-03,15.38,15.48,15.91,15.1,922699.0
2024-12-04,15.18,15.31,15.88,15.0,738050.0
2024-12-05,15.34,16.18,16.22,15.34,1116049.0
2024-12-06,16.68,16.0,16.85,15.79,980751.0
2024-12-09,16.0,15.72,16.34,15.68,637269.0
2024-12-10,16.19,16.19,16.66,15.87,987647.0
2024-12-11,16.02,15.88,16.12,15.79,588080.0
2024-12-12,15.85,15.7,15.89,15.38,596857.0
2024-12-13,15.67,15.26,15.74,15.22,454095.0
2024-12-16,15.22,15.2,15.57,15.06,359016.0
2024-12-17,15.24,14.73,15.35,14.69,378473.0
2024-12-18,14.8,14.83,14.89,14.6,303390.0
2024-12-19,14.64,14.8,14.9,14.51,271109.0
2024-12-20,14.82,15.05,15.25,14.76,373011.0
2024-12-23,15.14,14.96,15.49,14.85,408060.0
2024-12-24,15.5,16.46,16.46,15.5,404617.0
2024-12-25,18.0,17.1,18.0,16.7,2448541.0
2024-12-26,16.75,17.78,18.6,16.75,2064088.0
2024-12-27,17.85,18.9,19.56,17.39,2701002.0
2024-12-30,19.75,19.1,20.44,18.78,2875085.0
2024-12-31,18.8,17.19,19.07,17.19,2112357.0
2025-01-02,17.74,17.25,17.96,16.94,1646666.0
2025-01-03,16.9,16.16,17.16,16.1,1510324.0
2025-01-06,16.16,15.63,16.55,15.48,1192887.0
2025-01-07,15.65,16.3,16.35,15.46,1159327.0
2025-01-08,16.1,17.36,17.6,15.78,1869586.0
2025-01-09,16.86,17.18,17.79,16.78,1526974.0
2025-01-10,17.18,16.88,18.26,16.83,1564452.0
2025-01-13,16.52,17.15,17.7,16.52,1305089.0
2025-01-14,17.0,18.87,18.87,16.88,1374771.0
2025-01-15,19.28,19.09,20.12,18.82,2304015.0
2025-01-16,19.0,19.13,20.0,18.93,1760920.0
2025-01-17,19.16,19.3,20.38,19.14,1612576.0
2025-01-20,19.5,19.7,19.86,18.91,1632061.0
2025-01-21,19.51,20.7,21.48,19.42,1991371.0
2025-01-22,20.3,20.27,21.1,19.83,1511222.0
2025-01-23,20.6,19.62,21.0,19.41,1707683.0
2025-01-24,19.37,21.19,21.58,19.37,2312533.0
2025-01-27,21.03,20.69,21.36,20.11,1563820.0
2025-02-05,20.71,22.76,22.76,20.69,2274479.0
2025-02-06,22.5,24.13,25.04,22.45,2657393.0
2025-02-07,23.8,26.54,26.54,23.7,1979754.0
2025-02-10,27.04,27.11,27.75,25.88,2633391.0
2025-02-11,26.3,27.21,28.15,25.66,2104561.0
2025-02-12,26.6,27.98,28.6,26.31,1825897.0
2025-02-13,28.0,25.38,28.89,25.18,2740887.0
2025-02-14,24.55,24.8,25.77,24.36,1918807.0
2025-02-17,24.8,26.47,26.58,24.73,2125452.0
2025-02-18,26.39,26.6,27.81,25.65,2031743.0
2025-02-19,26.05,28.61,29.26,26.05,2627839.0
2025-02-20,28.39,27.9,30.5,27.4,2628709.0
2025-02-21,27.3,28.17,28.6,27.2,1861367.0
2025-02-24,28.28,28.69,29.41,26.85,1918885.0
2025-02-25,27.7,29.29,30.44,27.55,2004036.0
2025-02-26,29.6,29.02,32.0,29.0,2584795.0
2025-02-27,28.4,28.04,28.96,27.0,1915426.0
2025-02-28,27.55,25.65,27.65,25.59,1562702.0
2025-03-03,25.8,25.48,26.11,24.91,1023847.0
2025-03-04,24.73,25.71,26.26,24.68,1164406.0
2025-03-05,25.51,26.17,26.2,25.4,1038773.0
2025-03-06,26.4,27.32,27.68,26.12,1406481.0
2025-03-07,26.94,28.58,29.88,26.57,2008029.0
2025-03-10,28.78,28.66,29.77,28.15,1644135.0
2025-03-11,27.8,28.17,29.1,27.26,1395459.0
2025-03-12,28.26,27.54,28.46,27.53,1010222.0
2025-03-13,27.54,26.17,27.54,25.71,1150727.0
2025-03-14,25.75,27.14,27.34,25.7,1025362.0
2025-03-17,28.0,28.08,28.55,27.3,1330256.0
2025-03-18,27.98,28.38,28.8,27.75,1077379.0
2025-03-19,28.1,28.53,28.96,27.55,1279833.0
2025-03-20,28.25,28.13,29.23,27.8,1261044.0
2025-03-21,27.78,26.7,28.06,26.39,1064105.0
2025-03-24,26.44,29.37,29.37,25.6,2271749.0
2025-03-25,30.49,28.2,30.82,28.0,2408535.0
2025-03-26,27.13,30.81,31.02,27.13,2983092.0
2025-03-27,29.92,29.08,31.0,29.08,2095770.0
2025-03-28,29.0,28.85,30.5,28.64,1454300.0
2025-03-31,27.96,26.49,28.08,25.97,1983503.0
2025-04-01,26.56,25.77,26.69,25.49,1204450.0
2025-04-02,25.96,26.07,26.5,25.62,900686.0
2025-04-03,25.61,25.74,26.48,25.61,814272.0
2025-04-07,23.17,23.17,23.96,23.17,331099.0
2025-04-08,21.58,20.89,22.55,20.85,1262414.0
2025-04-09,20.2,22.05,22.5,19.15,1427266.0
2025-04-10,22.8,22.79,23.58,22.36,1243041.0
2025-04-11,22.5,23.54,24.0,22.5,1231140.0
2025-04-14,23.91,23.51,24.23,23.41,892361.0
2025-04-15,23.39,23.39,23.85,23.01,722048.0
2025-04-16,23.16,22.78,23.45,22.6,625241.0
2025-04-17,22.7,22.81,23.3,22.7,555837.0
2025-04-18,22.81,22.71,22.97,22.54,389961.0
2025-04-21,22.08,23.33,23.37,22.03,758922.0
2025-04-22,23.28,22.7,23.38,22.69,536935.0
2025-04-23,23.08,24.1,24.16,23.01,1401464.0
2025-04-24,24.11,23.72,24.52,23.57,953194.0
2025-04-25,23.86,23.73,24.09,23.43,650675.0
2025-04-28,23.98,23.72,24.27,23.63,626242.0
2025-04-29,23.7,24.07,24.28,23.43,738465.0
2025-04-30,24.41,25.72,26.3,24.26,1372899.0
2025-05-06,26.0,26.56,26.94,25.61,1317629.0
2025-05-07,26.84,26.04,26.89,25.75,1103351.0
2025-05-08,25.88,26.3,26.68,25.8,806166.0
2025-05-09,26.23,25.6,26.23,25.35,694172.0
2025-05-12,25.99,26.42,26.49,25.98,830219.0
2025-05-13,26.5,26.13,26.72,26.01,641997.0
2025-05-14,26.02,25.83,26.14,25.64,557845.0
2025-05-15,25.7,24.94,25.73,24.91,568152.0
2025-05-16,24.78,25.02,25.45,24.73,477096.0
2025-05-19,25.0,24.68,25.0,24.15,465681.0
2025-05-20,24.68,24.72,24.97,24.31,386273.0
2025-05-21,24.71,25.37,25.78,24.34,793024.0
2025-05-22,25.38,24.64,25.42,24.5,544715.0
2025-05-23,24.46,24.26,25.06,24.26,494427.0
2025-05-26,24.3,24.05,24.37,23.7,452309.0
2025-05-27,23.9,23.47,23.99,23.35,429824.0
2025-05-28,23.4,23.19,23.75,23.08,420952.0
2025-05-29,23.33,23.57,23.68,23.25,384176.0
2025-05-30,23.51,23.03,23.51,22.87,375496.0
2025-06-03,22.81,23.06,23.39,22.77,274422.0
2025-06-04,23.09,23.38,23.56,23.09,361106.0
2025-06-05,23.36,23.83,23.98,23.07,515606.0
2025-06-06,23.83,23.47,23.88,23.43,308619.0
2025-06-09,23.6,23.54,23.77,23.44,334238.0
2025-06-10,23.6,23.19,23.63,22.76,421276.0
2025-06-11,23.25,23.31,23.44,23.1,287779.0
2025-06-12,23.2,23.07,23.38,22.98,239785.0
2025-06-13,22.9,22.47,22.98,22.38,393407.0
2025-06-16,22.2,22.53,22.69,22.15,224859.0
2025-06-17,22.55,22.25,22.61,22.19,251946.0
2025-06-18,22.15,22.36,22.4,22.08,239627.0
2025-06-19,22.41,22.67,23.06,22.35,628872.0
2025-06-20,22.68,21.91,22.7,21.91,386821.0
2025-06-23,21.55,22.33,22.41,21.5,307369.0
2025-06-24,22.45,23.35,23.45,22.45,696928.0
2025-06-25,23.44,23.5,23.54,23.15,546375.0
2025-06-26,23.5,23.39,23.72,23.38,452882.0
2025-06-27,19.51,19.5,19.7,19.25,424567.0
2025-06-30,19.5,19.77,19.88,19.5,414157.0
2025-07-01,19.77,19.99,20.14,19.62,558152.0
2025-07-02,20.0,19.74,20.33,19.51,533831.0
2025-07-03,19.64,19.6,19.77,19.41,410993.0
2025-07-04,19.52,19.39,19.61,19.32,330138.0
2025-07-07,19.35,19.24,19.35,19.14,235582.0
2025-07-08,19.2,19.52,19.58,19.17,349380.0
2025-07-09,20.4,19.67,20.55,19.61,1008093.0
2025-07-10,19.5,19.5,19.63,19.36,464627.0
2025-07-11,19.54,19.88,20.0,19.41,649684.0
2025-07-14,20.1,20.76,20.86,19.87,1279444.0
2025-07-15,20.78,20.6,20.78,20.31,857974.0
2025-07-16,20.57,20.69,21.05,20.38,873668.0
2025-07-17,20.73,21.15,21.27,20.53,965392.0
2025-07-18,21.16,21.01,21.23,20.81,702067.0
2025-07-21,22.5,23.11,23.11,21.88,2212052.0
2025-07-22,23.7,24.11,24.94,23.0,3092102.0
2025-07-23,23.7,24.3,25.42,23.4,2441117.0
2025-07-24,24.3,23.97,24.56,23.61,1701294.0
2025-07-25,23.98,23.67,24.34,23.6,1147081.0
2025-07-28,23.82,23.85,24.49,23.7,1171655.0
2025-07-29,23.6,23.77,24.26,23.32,1048614.0
2025-07-30,23.7,23.0,23.75,22.8,1109723.0
2025-07-31,22.84,22.83,23.46,22.69,797873.0
2025-08-01,22.91,22.48,22.96,22.4,590035.0
2025-08-04,22.34,23.3,23.31,22.32,913642.0
2025-08-05,23.49,23.38,23.6,23.16,740953.0
2025-08-06,23.47,24.94,25.59,23.29,2017341.0
2025-08-07,24.95,24.65,25.09,24.53,1238597.0
2025-08-08,24.72,23.95,24.98,23.9,1137561.0
2025-08-11,24.17,24.29,24.71,24.01,1013437.0
2025-08-12,24.66,24.2,24.76,23.9,957959.0
2025-08-13,24.24,25.11,25.43,24.04,1781812.0
2025-08-14,25.39,27.62,27.62,24.47,2700924.0
2025-08-15,28.5,30.38,30.38,28.28,3406866.0
2025-08-18,31.8,32.8,33.29,30.9,3490385.0
2025-08-19,31.88,34.0,35.99,30.98,3338982.0
2025-08-20,33.14,35.1,36.8,33.13,3193968.0
2025-08-21,34.11,31.59,34.5,31.59,3003781.0
2025-08-22,31.0,32.07,32.26,31.0,1982120.0
2025-08-25,32.09,33.79,34.16,32.09,2288743.0
2025-08-26,33.46,33.54,34.32,32.76,1628447.0
2025-08-27,33.38,33.23,35.08,33.23,2183837.0
2025-08-28,32.82,33.89,33.9,32.65,1676945.0
2025-08-29,33.6,33.3,34.49,32.1,1536841.0
2025-09-01,33.21,34.03,34.19,32.8,1448459.0
2025-09-02,34.13,34.44,36.7,31.2,2938003.0
2025-09-03,35.0,37.28,37.8,33.76,3253095.0
2025-09-04,37.0,35.0,39.8,34.33,3319360.0
2025-09-05,33.26,38.5,38.5,33.26,2853191.0
2025-09-08,38.87,40.97,42.35,38.05,3553178.0
2025-09-09,39.79,39.95,42.38,39.41,2804373.0
2025-09-10,39.0,39.11,39.99,38.65,1813124.0
2025-09-11,38.61,41.95,42.86,38.27,2489254.0
2025-09-12,41.96,46.15,46.15,41.56,2446315.0
2025-09-15,46.15,46.21,48.01,45.8,2821098.0
2025-09-16,46.21,47.58,48.55,46.17,2278635.0
2025-09-17,47.59,51.7,52.2,46.97,2474029.0
2025-09-18,51.99,56.67,56.87,50.21,3168407.0
2025-09-19,54.99,51.0,54.99,51.0,2515837.0
2025-09-22,50.05,51.8,52.85,49.36,2151656.0
2025-09-23,50.48,52.79,53.76,50.18,1986106.0
2025-09-24,51.5,49.96,51.9,47.85,2328833.0
2025-09-25,49.0,48.0,50.15,47.82,1828501.0
2025-09-26,47.11,46.61,48.86,46.61,1271328.0
2025-09-29,46.59,48.6,48.91,46.59,1515462.0
2025-09-30,48.87,48.42,49.5,48.0,1237862.0
2025-10-09,48.13,50.28,51.08,47.51,1828858.0
2025-10-10,50.29,47.85,50.29,47.6,1311846.0
2025-10-13,44.0,46.4,47.14,44.0,1003733.0
2025-10-14,47.0,43.69,47.49,43.04,1335421.0
2025-10-15,43.65,47.3,47.82,43.28,1615051.0
2025-10-16,45.9,45.59,46.69,45.1,986211.0
2025-10-17,45.58,45.17,47.0,44.98,1047557.0
2025-10-20,46.3,48.22,49.0,45.5,1670974.0
2025-10-21,48.3,48.53,49.2,46.9,1464675.0
2025-10-22,48.8,47.92,49.78,47.79,1295103.0
2025-10-23,47.11,46.19,47.58,45.59,997182.0
2025-10-24,46.15,46.95,47.39,45.98,920512.0
2025-10-27,47.88,49.3,49.78,47.3,1533580.0
2025-10-28,49.49,50.27,51.39,48.88,1815557.0
2025-10-29,49.98,49.94,50.41,49.07,1205277.0
2025-10-30,50.15,48.64,50.76,48.5,1111771.0
2025-10-31,48.4,48.23,49.58,48.11,838111.0
2025-11-03,48.6,46.79,48.62,46.47,770986.0
2025-11-04,46.8,44.39,46.94,44.27,1023931.0
2025-11-05,43.05,44.26,44.88,43.0,636041.0
2025-11-06,44.45,45.8,45.99,44.31,847312.0
2025-11-07,45.82,44.79,45.82,44.27,639753.0
2025-11-10,44.8,43.44,44.96,43.2,688848.0
2025-11-11,43.94,42.05,44.0,41.86,737429.0
2025-11-12,42.06,41.12,42.26,40.73,658520.0
2025-11-13,40.99,41.51,42.12,40.78,558322.0
2025-11-14,41.0,40.34,41.32,40.34,517755.0
2025-11-17,40.9,41.68,42.2,40.9,782103.0
2025-11-18,41.3,41.51,42.23,40.9,568714.0
