SECUCODE,SECURITY_CODE,SECURITY_NAME_ABBR,ORG_CODE,REPORT_DATE,DATE_TYPE_CODE,FISCAL_YEAR,START_DATE,STD_ITEM_CODE,STD_ITEM_NAME,AMOUNT
01810.HK,01810,小米集团-W,10932245,2025-03-31 00:00:00,003,12-31,2025-01-01 00:00:00,003999,经营业务现金净额,4509497000
01810.HK,01810,小米集团-W,10932245,2025-03-31 00:00:00,003,12-31,2025-01-01 00:00:00,005999,投资业务现金净额,9920811000
01810.HK,01810,小米集团-W,10932245,2025-03-31 00:00:00,003,12-31,2025-01-01 00:00:00,006999,融资前现金净额,14430308000
01810.HK,01810,小米集团-W,10932245,2025-03-31 00:00:00,003,12-31,2025-01-01 00:00:00,007999,融资业务现金净额,38077395000
01810.HK,01810,小米集团-W,10932245,2025-03-31 00:00:00,003,12-31,2025-01-01 00:00:00,010999,现金净额,52507703000
01810.HK,01810,小米集团-W,10932245,2025-03-31 00:00:00,003,12-31,2025-01-01 00:00:00,011001,期初现金,33661442000
01810.HK,01810,小米集团-W,10932245,2025-03-31 00:00:00,003,12-31,2025-01-01 00:00:00,011997,期间变动其他项目,2782000
01810.HK,01810,小米集团-W,10932245,2025-03-31 00:00:00,003,12-31,2025-01-01 00:00:00,011999,期末现金,86171927000
01810.HK,01810,小米集团-W,10932245,2024-12-31 00:00:00,001,12-31,2024-01-01 00:00:00,001001,除税前溢利(业务利润),28126653000
01810.HK,01810,小米集团-W,10932245,2024-12-31 00:00:00,001,12-31,2024-01-01 00:00:00,001002,减:利息收入,3836204000
01810.HK,01810,小米集团-W,10932245,2024-12-31 00:00:00,001,12-31,2024-01-01 00:00:00,001003,加:利息支出,212447000
01810.HK,01810,小米集团-W,10932245,2024-12-31 00:00:00,001,12-31,2024-01-01 00:00:00,001004,减:投资收益,298647000
01810.HK,01810,小米集团-W,10932245,2024-12-31 00:00:00,001,12-31,2024-01-01 00:00:00,001006,加:减值及拨备,5762582000
01810.HK,01810,小米集团-W,10932245,2024-12-31 00:00:00,001,12-31,2024-01-01 00:00:00,001008,减:出售资产之溢利,9147000
01810.HK,01810,小米集团-W,10932245,2024-12-31 00:00:00,001,12-31,2024-01-01 00:00:00,001009,加:折旧及摊销,2691990000
01810.HK,01810,小米集团-W,10932245,2024-12-31 00:00:00,001,12-31,2024-01-01 00:00:00,001011,加:购股权开支,3726085000
01810.HK,01810,小米集团-W,10932245,2024-12-31 00:00:00,001,12-31,2024-01-01 00:00:00,001997,加:经营调整其他项目,2392350000
01810.HK,01810,小米集团-W,10932245,2024-12-31 00:00:00,001,12-31,2024-01-01 00:00:00,001999,营运资金变动前经营溢利,38768109000
01810.HK,01810,小米集团-W,10932245,2024-12-31 00:00:00,001,12-31,2024-01-01 00:00:00,002001,存货(增加)减少,-24131971000
01810.HK,01810,小米集团-W,10932245,2024-12-31 00:00:00,001,12-31,2024-01-01 00:00:00,002002,应收帐款减少,-8387158000
01810.HK,01810,小米集团-W,10932245,2024-12-31 00:00:00,001,12-31,2024-01-01 00:00:00,002004,应付帐款及应计费用增加(减少),36092511000
01810.HK,01810,小米集团-W,10932245,2024-12-31 00:00:00,001,12-31,2024-01-01 00:00:00,002006,营运资本变动其他项目,1200898000
01810.HK,01810,小米集团-W,10932245,2024-12-31 00:00:00,001,12-31,2024-01-01 00:00:00,002007,预付款项、按金及其他应收款项减少(增加),-5353379000
01810.HK,01810,小米集团-W,10932245,2024-12-31 00:00:00,001,12-31,2024-01-01 00:00:00,002008,预收账款、按金及其他应付款增加(减少),7876262000
01810.HK,01810,小米集团-W,10932245,2024-12-31 00:00:00,001,12-31,2024-01-01 00:00:00,002012,贷款和垫款(增加)减少,-2567194000
01810.HK,01810,小米集团-W,10932245,2024-12-31 00:00:00,001,12-31,2024-01-01 00:00:00,002014,存款(增加)减少,-735361000
01810.HK,01810,小米集团-W,10932245,2024-12-31 00:00:00,001,12-31,2024-01-01 00:00:00,002999,经营产生现金,42762717000
01810.HK,01810,小米集团-W,10932245,2024-12-31 00:00:00,001,12-31,2024-01-01 00:00:00,003003,已付税项,3467218000
01810.HK,01810,小米集团-W,10932245,2024-12-31 00:00:00,001,12-31,2024-01-01 00:00:00,003999,经营业务现金净额,39295499000
01810.HK,01810,小米集团-W,10932245,2024-12-31 00:00:00,001,12-31,2024-01-01 00:00:00,005001,已收利息(投资),3646092000
01810.HK,01810,小米集团-W,10932245,2024-12-31 00:00:00,001,12-31,2024-01-01 00:00:00,005002,已收股息(投资),427139000
01810.HK,01810,小米集团-W,10932245,2024-12-31 00:00:00,001,12-31,2024-01-01 00:00:00,005003,存款减少(增加),-23446909000
01810.HK,01810,小米集团-W,10932245,2024-12-31 00:00:00,001,12-31,2024-01-01 00:00:00,005004,处置固定资产,358488000
01810.HK,01810,小米集团-W,10932245,2024-12-31 00:00:00,001,12-31,2024-01-01 00:00:00,005005,购建固定资产,7297307000
01810.HK,01810,小米集团-W,10932245,2024-12-31 00:00:00,001,12-31,2024-01-01 00:00:00,005006,处置无形资产及其他资产,1544837000
01810.HK,01810,小米集团-W,10932245,2024-12-31 00:00:00,001,12-31,2024-01-01 00:00:00,005010,收回投资所得现金,107752313000
01810.HK,01810,小米集团-W,10932245,2024-12-31 00:00:00,001,12-31,2024-01-01 00:00:00,005011,投资支付现金,118367260000
01810.HK,01810,小米集团-W,10932245,2024-12-31 00:00:00,001,12-31,2024-01-01 00:00:00,005997,投资业务其他项目,-3784000
01810.HK,01810,小米集团-W,10932245,2024-12-31 00:00:00,001,12-31,2024-01-01 00:00:00,005999,投资业务现金净额,-35386391000
01810.HK,01810,小米集团-W,10932245,2024-12-31 00:00:00,001,12-31,2024-01-01 00:00:00,006999,融资前现金净额,3909108000
01810.HK,01810,小米集团-W,10932245,2024-12-31 00:00:00,001,12-31,2024-01-01 00:00:00,007001,新增借款,25998066000
01810.HK,01810,小米集团-W,10932245,2024-12-31 00:00:00,001,12-31,2024-01-01 00:00:00,007002,偿还借款,19265488000
01810.HK,01810,小米集团-W,10932245,2024-12-31 00:00:00,001,12-31,2024-01-01 00:00:00,007004,已付股息(融资),1790035000
01810.HK,01810,小米集团-W,10932245,2024-12-31 00:00:00,001,12-31,2024-01-01 00:00:00,007005,吸收投资所得,2053079000
01810.HK,01810,小米集团-W,10932245,2024-12-31 00:00:00,001,12-31,2024-01-01 00:00:00,007008,回购股份,4047876000
01810.HK,01810,小米集团-W,10932245,2024-12-31 00:00:00,001,12-31,2024-01-01 00:00:00,007011,偿还融资租赁,2476524000
01810.HK,01810,小米集团-W,10932245,2024-12-31 00:00:00,001,12-31,2024-01-01 00:00:00,007013,购买子公司少数股权而支付的现金,75809000
01810.HK,01810,小米集团-W,10932245,2024-12-31 00:00:00,001,12-31,2024-01-01 00:00:00,007997,融资业务其他项目,-4394389000
01810.HK,01810,小米集团-W,10932245,2024-12-31 00:00:00,001,12-31,2024-01-01 00:00:00,007999,融资业务现金净额,-3998976000
01810.HK,01810,小米集团-W,10932245,2024-12-31 00:00:00,001,12-31,2024-01-01 00:00:00,010999,现金净额,-89868000
01810.HK,01810,小米集团-W,10932245,2024-12-31 00:00:00,001,12-31,2024-01-01 00:00:00,011001,期初现金,33631313000
01810.HK,01810,小米集团-W,10932245,2024-12-31 00:00:00,001,12-31,2024-01-01 00:00:00,011997,期间变动其他项目,119997000
01810.HK,01810,小米集团-W,10932245,2024-12-31 00:00:00,001,12-31,2024-01-01 00:00:00,011999,期末现金,33661442000
01810.HK,01810,小米集团-W,10932245,2024-09-30 00:00:00,004,12-31,2024-01-01 00:00:00,003999,经营业务现金净额,15388685000
01810.HK,01810,小米集团-W,10932245,2024-09-30 00:00:00,004,12-31,2024-01-01 00:00:00,005999,投资业务现金净额,-6319313000
01810.HK,01810,小米集团-W,10932245,2024-09-30 00:00:00,004,12-31,2024-01-01 00:00:00,006999,融资前现金净额,9069372000
01810.HK,01810,小米集团-W,10932245,2024-09-30 00:00:00,004,12-31,2024-01-01 00:00:00,007999,融资业务现金净额,-3099077000
01810.HK,01810,小米集团-W,10932245,2024-09-30 00:00:00,004,12-31,2024-01-01 00:00:00,010999,现金净额,5970295000
01810.HK,01810,小米集团-W,10932245,2024-09-30 00:00:00,004,12-31,2024-01-01 00:00:00,011001,期初现金,33631313000
01810.HK,01810,小米集团-W,10932245,2024-09-30 00:00:00,004,12-31,2024-01-01 00:00:00,011997,期间变动其他项目,53746000
01810.HK,01810,小米集团-W,10932245,2024-09-30 00:00:00,004,12-31,2024-01-01 00:00:00,011999,期末现金,39655354000
01810.HK,01810,小米集团-W,10932245,2024-06-30 00:00:00,002,12-31,2024-01-01 00:00:00,002999,经营产生现金,5021874000
01810.HK,01810,小米集团-W,10932245,2024-06-30 00:00:00,002,12-31,2024-01-01 00:00:00,003003,已付税项,2491299000
01810.HK,01810,小米集团-W,10932245,2024-06-30 00:00:00,002,12-31,2024-01-01 00:00:00,003999,经营业务现金净额,2530575000
01810.HK,01810,小米集团-W,10932245,2024-06-30 00:00:00,002,12-31,2024-01-01 00:00:00,005001,已收利息(投资),1850478000
01810.HK,01810,小米集团-W,10932245,2024-06-30 00:00:00,002,12-31,2024-01-01 00:00:00,005002,已收股息(投资),123761000
01810.HK,01810,小米集团-W,10932245,2024-06-30 00:00:00,002,12-31,2024-01-01 00:00:00,005003,存款减少(增加),276150000
01810.HK,01810,小米集团-W,10932245,2024-06-30 00:00:00,002,12-31,2024-01-01 00:00:00,005004,处置固定资产,254311000
01810.HK,01810,小米集团-W,10932245,2024-06-30 00:00:00,002,12-31,2024-01-01 00:00:00,005005,购建固定资产,2267908000
01810.HK,01810,小米集团-W,10932245,2024-06-30 00:00:00,002,12-31,2024-01-01 00:00:00,005006,处置无形资产及其他资产,769837000
01810.HK,01810,小米集团-W,10932245,2024-06-30 00:00:00,002,12-31,2024-01-01 00:00:00,005010,收回投资所得现金,36920893000
01810.HK,01810,小米集团-W,10932245,2024-06-30 00:00:00,002,12-31,2024-01-01 00:00:00,005011,投资支付现金,35218444000
01810.HK,01810,小米集团-W,10932245,2024-06-30 00:00:00,002,12-31,2024-01-01 00:00:00,005999,投资业务现金净额,2709078000
01810.HK,01810,小米集团-W,10932245,2024-06-30 00:00:00,002,12-31,2024-01-01 00:00:00,006999,融资前现金净额,5239653000
01810.HK,01810,小米集团-W,10932245,2024-06-30 00:00:00,002,12-31,2024-01-01 00:00:00,007001,新增借款,12436649000
01810.HK,01810,小米集团-W,10932245,2024-06-30 00:00:00,002,12-31,2024-01-01 00:00:00,007002,偿还借款,7759247000
01810.HK,01810,小米集团-W,10932245,2024-06-30 00:00:00,002,12-31,2024-01-01 00:00:00,007004,已付股息(融资),588720000
01810.HK,01810,小米集团-W,10932245,2024-06-30 00:00:00,002,12-31,2024-01-01 00:00:00,007005,吸收投资所得,1540529000
01810.HK,01810,小米集团-W,10932245,2024-06-30 00:00:00,002,12-31,2024-01-01 00:00:00,007008,回购股份,3032539000
01810.HK,01810,小米集团-W,10932245,2024-06-30 00:00:00,002,12-31,2024-01-01 00:00:00,007011,偿还融资租赁,698802000
01810.HK,01810,小米集团-W,10932245,2024-06-30 00:00:00,002,12-31,2024-01-01 00:00:00,007997,融资业务其他项目,-1442570000
01810.HK,01810,小米集团-W,10932245,2024-06-30 00:00:00,002,12-31,2024-01-01 00:00:00,007999,融资业务现金净额,455300000
01810.HK,01810,小米集团-W,10932245,2024-06-30 00:00:00,002,12-31,2024-01-01 00:00:00,010999,现金净额,5694953000
01810.HK,01810,小米集团-W,10932245,2024-06-30 00:00:00,002,12-31,2024-01-01 00:00:00,011001,期初现金,33631313000
01810.HK,01810,小米集团-W,10932245,2024-06-30 00:00:00,002,12-31,2024-01-01 00:00:00,011997,期间变动其他项目,9554000
01810.HK,01810,小米集团-W,10932245,2024-06-30 00:00:00,002,12-31,2024-01-01 00:00:00,011999,期末现金,39335820000
01810.HK,01810,小米集团-W,10932245,2024-03-31 00:00:00,003,12-31,2024-01-01 00:00:00,003999,经营业务现金净额,-9287058000
01810.HK,01810,小米集团-W,10932245,2024-03-31 00:00:00,003,12-31,2024-01-01 00:00:00,005999,投资业务现金净额,10710999000
01810.HK,01810,小米集团-W,10932245,2024-03-31 00:00:00,003,12-31,2024-01-01 00:00:00,006999,融资前现金净额,1423941000
01810.HK,01810,小米集团-W,10932245,2024-03-31 00:00:00,003,12-31,2024-01-01 00:00:00,007999,融资业务现金净额,-111044000
01810.HK,01810,小米集团-W,10932245,2024-03-31 00:00:00,003,12-31,2024-01-01 00:00:00,010999,现金净额,1312897000
01810.HK,01810,小米集团-W,10932245,2024-03-31 00:00:00,003,12-31,2024-01-01 00:00:00,011001,期初现金,33631313000
01810.HK,01810,小米集团-W,10932245,2024-03-31 00:00:00,003,12-31,2024-01-01 00:00:00,011997,期间变动其他项目,-47999000
01810.HK,01810,小米集团-W,10932245,2024-03-31 00:00:00,003,12-31,2024-01-01 00:00:00,011999,期末现金,34896211000
01810.HK,01810,小米集团-W,10932245,2023-12-31 00:00:00,001,12-31,2023-01-01 00:00:00,001001,除税前溢利(业务利润),22011047000
01810.HK,01810,小米集团-W,10932245,2023-12-31 00:00:00,001,12-31,2023-01-01 00:00:00,001002,减:利息收入,3558347000
01810.HK,01810,小米集团-W,10932245,2023-12-31 00:00:00,001,12-31,2023-01-01 00:00:00,001003,加:利息支出,1555970000
01810.HK,01810,小米集团-W,10932245,2023-12-31 00:00:00,001,12-31,2023-01-01 00:00:00,001004,减:投资收益,157569000
01810.HK,01810,小米集团-W,10932245,2023-12-31 00:00:00,001,12-31,2023-01-01 00:00:00,001006,加:减值及拨备,3861753000
01810.HK,01810,小米集团-W,10932245,2023-12-31 00:00:00,001,12-31,2023-01-01 00:00:00,001008,减:出售资产之溢利,12510000
01810.HK,01810,小米集团-W,10932245,2023-12-31 00:00:00,001,12-31,2023-01-01 00:00:00,001009,加:折旧及摊销,2434308000
01810.HK,01810,小米集团-W,10932245,2023-12-31 00:00:00,001,12-31,2023-01-01 00:00:00,001011,加:购股权开支,3378670000
01810.HK,01810,小米集团-W,10932245,2023-12-31 00:00:00,001,12-31,2023-01-01 00:00:00,001997,加:经营调整其他项目,-2520551000
01810.HK,01810,小米集团-W,10932245,2023-12-31 00:00:00,001,12-31,2023-01-01 00:00:00,001999,营运资金变动前经营溢利,26992771000
01810.HK,01810,小米集团-W,10932245,2023-12-31 00:00:00,001,12-31,2023-01-01 00:00:00,002001,存货(增加)减少,2173795000
01810.HK,01810,小米集团-W,10932245,2023-12-31 00:00:00,001,12-31,2023-01-01 00:00:00,002002,应收帐款减少,-1652782000
01810.HK,01810,小米集团-W,10932245,2023-12-31 00:00:00,001,12-31,2023-01-01 00:00:00,002004,应付帐款及应计费用增加(减少),11147623000
01810.HK,01810,小米集团-W,10932245,2023-12-31 00:00:00,001,12-31,2023-01-01 00:00:00,002006,营运资本变动其他项目,3592484000
01810.HK,01810,小米集团-W,10932245,2023-12-31 00:00:00,001,12-31,2023-01-01 00:00:00,002007,预付款项、按金及其他应收款项减少(增加),1600556000
01810.HK,01810,小米集团-W,10932245,2023-12-31 00:00:00,001,12-31,2023-01-01 00:00:00,002008,预收账款、按金及其他应付款增加(减少),3101149000
01810.HK,01810,小米集团-W,10932245,2023-12-31 00:00:00,001,12-31,2023-01-01 00:00:00,002012,贷款和垫款(增加)减少,-1983565000
01810.HK,01810,小米集团-W,10932245,2023-12-31 00:00:00,001,12-31,2023-01-01 00:00:00,002014,存款(增加)减少,-659788000
01810.HK,01810,小米集团-W,10932245,2023-12-31 00:00:00,001,12-31,2023-01-01 00:00:00,002999,经营产生现金,44312243000
01810.HK,01810,小米集团-W,10932245,2023-12-31 00:00:00,001,12-31,2023-01-01 00:00:00,003003,已付税项,3011748000
01810.HK,01810,小米集团-W,10932245,2023-12-31 00:00:00,001,12-31,2023-01-01 00:00:00,003999,经营业务现金净额,41300495000
01810.HK,01810,小米集团-W,10932245,2023-12-31 00:00:00,001,12-31,2023-01-01 00:00:00,005001,已收利息(投资),3258117000
01810.HK,01810,小米集团-W,10932245,2023-12-31 00:00:00,001,12-31,2023-01-01 00:00:00,005002,已收股息(投资),197583000
01810.HK,01810,小米集团-W,10932245,2023-12-31 00:00:00,001,12-31,2023-01-01 00:00:00,005003,存款减少(增加),-23561379000
01810.HK,01810,小米集团-W,10932245,2023-12-31 00:00:00,001,12-31,2023-01-01 00:00:00,005004,处置固定资产,72833000
01810.HK,01810,小米集团-W,10932245,2023-12-31 00:00:00,001,12-31,2023-01-01 00:00:00,005005,购建固定资产,6268900000
01810.HK,01810,小米集团-W,10932245,2023-12-31 00:00:00,001,12-31,2023-01-01 00:00:00,005008,出售附属公司,101294000
01810.HK,01810,小米集团-W,10932245,2023-12-31 00:00:00,001,12-31,2023-01-01 00:00:00,005010,收回投资所得现金,53236781000
01810.HK,01810,小米集团-W,10932245,2023-12-31 00:00:00,001,12-31,2023-01-01 00:00:00,005011,投资支付现金,62187239000
01810.HK,01810,小米集团-W,10932245,2023-12-31 00:00:00,001,12-31,2023-01-01 00:00:00,005997,投资业务其他项目,-18144000
01810.HK,01810,小米集团-W,10932245,2023-12-31 00:00:00,001,12-31,2023-01-01 00:00:00,005999,投资业务现金净额,-35169054000
01810.HK,01810,小米集团-W,10932245,2023-12-31 00:00:00,001,12-31,2023-01-01 00:00:00,006999,融资前现金净额,6131441000
01810.HK,01810,小米集团-W,10932245,2023-12-31 00:00:00,001,12-31,2023-01-01 00:00:00,007001,新增借款,8866088000
01810.HK,01810,小米集团-W,10932245,2023-12-31 00:00:00,001,12-31,2023-01-01 00:00:00,007002,偿还借款,4022423000
01810.HK,01810,小米集团-W,10932245,2023-12-31 00:00:00,001,12-31,2023-01-01 00:00:00,007004,已付股息(融资),2884215000
01810.HK,01810,小米集团-W,10932245,2023-12-31 00:00:00,001,12-31,2023-01-01 00:00:00,007005,吸收投资所得,1417086000
01810.HK,01810,小米集团-W,10932245,2023-12-31 00:00:00,001,12-31,2023-01-01 00:00:00,007008,回购股份,1356825000
01810.HK,01810,小米集团-W,10932245,2023-12-31 00:00:00,001,12-31,2023-01-01 00:00:00,007011,偿还融资租赁,1197692000
01810.HK,01810,小米集团-W,10932245,2023-12-31 00:00:00,001,12-31,2023-01-01 00:00:00,007997,融资业务其他项目,-1326991000
01810.HK,01810,小米集团-W,10932245,2023-12-31 00:00:00,001,12-31,2023-01-01 00:00:00,007999,融资业务现金净额,-504972000
01810.HK,01810,小米集团-W,10932245,2023-12-31 00:00:00,001,12-31,2023-01-01 00:00:00,010999,现金净额,5626469000
01810.HK,01810,小米集团-W,10932245,2023-12-31 00:00:00,001,12-31,2023-01-01 00:00:00,011001,期初现金,27607261000
01810.HK,01810,小米集团-W,10932245,2023-12-31 00:00:00,001,12-31,2023-01-01 00:00:00,011997,期间变动其他项目,397583000
01810.HK,01810,小米集团-W,10932245,2023-12-31 00:00:00,001,12-31,2023-01-01 00:00:00,011999,期末现金,33631313000
01810.HK,01810,小米集团-W,10932245,2023-09-30 00:00:00,004,12-31,2023-01-01 00:00:00,003999,经营业务现金净额,33489982000
01810.HK,01810,小米集团-W,10932245,2023-09-30 00:00:00,004,12-31,2023-01-01 00:00:00,005999,投资业务现金净额,-29321565000
01810.HK,01810,小米集团-W,10932245,2023-09-30 00:00:00,004,12-31,2023-01-01 00:00:00,006999,融资前现金净额,4168417000
01810.HK,01810,小米集团-W,10932245,2023-09-30 00:00:00,004,12-31,2023-01-01 00:00:00,007999,融资业务现金净额,-548255000
01810.HK,01810,小米集团-W,10932245,2023-09-30 00:00:00,004,12-31,2023-01-01 00:00:00,010999,现金净额,3620162000
01810.HK,01810,小米集团-W,10932245,2023-09-30 00:00:00,004,12-31,2023-01-01 00:00:00,011001,期初现金,27607261000
01810.HK,01810,小米集团-W,10932245,2023-09-30 00:00:00,004,12-31,2023-01-01 00:00:00,011997,期间变动其他项目,425143000
01810.HK,01810,小米集团-W,10932245,2023-09-30 00:00:00,004,12-31,2023-01-01 00:00:00,011999,期末现金,31652566000
01810.HK,01810,小米集团-W,10932245,2023-06-30 00:00:00,002,12-31,2023-01-01 00:00:00,002999,经营产生现金,21430534000
01810.HK,01810,小米集团-W,10932245,2023-06-30 00:00:00,002,12-31,2023-01-01 00:00:00,003003,已付税项,1268523000
01810.HK,01810,小米集团-W,10932245,2023-06-30 00:00:00,002,12-31,2023-01-01 00:00:00,003999,经营业务现金净额,20162011000
01810.HK,01810,小米集团-W,10932245,2023-06-30 00:00:00,002,12-31,2023-01-01 00:00:00,005001,已收利息(投资),1519206000
01810.HK,01810,小米集团-W,10932245,2023-06-30 00:00:00,002,12-31,2023-01-01 00:00:00,005002,已收股息(投资),125767000
01810.HK,01810,小米集团-W,10932245,2023-06-30 00:00:00,002,12-31,2023-01-01 00:00:00,005003,存款减少(增加),-8915372000
01810.HK,01810,小米集团-W,10932245,2023-06-30 00:00:00,002,12-31,2023-01-01 00:00:00,005004,处置固定资产,61112000
01810.HK,01810,小米集团-W,10932245,2023-06-30 00:00:00,002,12-31,2023-01-01 00:00:00,005005,购建固定资产,3722137000
01810.HK,01810,小米集团-W,10932245,2023-06-30 00:00:00,002,12-31,2023-01-01 00:00:00,005010,收回投资所得现金,23636469000
01810.HK,01810,小米集团-W,10932245,2023-06-30 00:00:00,002,12-31,2023-01-01 00:00:00,005011,投资支付现金,27197242000
01810.HK,01810,小米集团-W,10932245,2023-06-30 00:00:00,002,12-31,2023-01-01 00:00:00,005999,投资业务现金净额,-14492197000
01810.HK,01810,小米集团-W,10932245,2023-06-30 00:00:00,002,12-31,2023-01-01 00:00:00,006999,融资前现金净额,5669814000
01810.HK,01810,小米集团-W,10932245,2023-06-30 00:00:00,002,12-31,2023-01-01 00:00:00,007001,新增借款,898693000
01810.HK,01810,小米集团-W,10932245,2023-06-30 00:00:00,002,12-31,2023-01-01 00:00:00,007002,偿还借款,1402063000
01810.HK,01810,小米集团-W,10932245,2023-06-30 00:00:00,002,12-31,2023-01-01 00:00:00,007004,已付股息(融资),1053866000
01810.HK,01810,小米集团-W,10932245,2023-06-30 00:00:00,002,12-31,2023-01-01 00:00:00,007005,吸收投资所得,467578000
01810.HK,01810,小米集团-W,10932245,2023-06-30 00:00:00,002,12-31,2023-01-01 00:00:00,007008,回购股份,439006000
01810.HK,01810,小米集团-W,10932245,2023-06-30 00:00:00,002,12-31,2023-01-01 00:00:00,007011,偿还融资租赁,589078000
01810.HK,01810,小米集团-W,10932245,2023-06-30 00:00:00,002,12-31,2023-01-01 00:00:00,007997,融资业务其他项目,-168954000
01810.HK,01810,小米集团-W,10932245,2023-06-30 00:00:00,002,12-31,2023-01-01 00:00:00,007999,融资业务现金净额,-2286696000
01810.HK,01810,小米集团-W,10932245,2023-06-30 00:00:00,002,12-31,2023-01-01 00:00:00,010999,现金净额,3383118000
01810.HK,01810,小米集团-W,10932245,2023-06-30 00:00:00,002,12-31,2023-01-01 00:00:00,011001,期初现金,27607261000
01810.HK,01810,小米集团-W,10932245,2023-06-30 00:00:00,002,12-31,2023-01-01 00:00:00,011997,期间变动其他项目,468573000
01810.HK,01810,小米集团-W,10932245,2023-06-30 00:00:00,002,12-31,2023-01-01 00:00:00,011999,期末现金,31458952000
01810.HK,01810,小米集团-W,10932245,2023-03-31 00:00:00,003,12-31,2023-01-01 00:00:00,003999,经营业务现金净额,1218761000
01810.HK,01810,小米集团-W,10932245,2023-03-31 00:00:00,003,12-31,2023-01-01 00:00:00,005999,投资业务现金净额,-1622151000
01810.HK,01810,小米集团-W,10932245,2023-03-31 00:00:00,003,12-31,2023-01-01 00:00:00,006999,融资前现金净额,-403390000
01810.HK,01810,小米集团-W,10932245,2023-03-31 00:00:00,003,12-31,2023-01-01 00:00:00,007999,融资业务现金净额,-866848000
01810.HK,01810,小米集团-W,10932245,2023-03-31 00:00:00,003,12-31,2023-01-01 00:00:00,010999,现金净额,-1270238000
01810.HK,01810,小米集团-W,10932245,2023-03-31 00:00:00,003,12-31,2023-01-01 00:00:00,011001,期初现金,27607261000
01810.HK,01810,小米集团-W,10932245,2023-03-31 00:00:00,003,12-31,2023-01-01 00:00:00,011997,期间变动其他项目,-156071000
01810.HK,01810,小米集团-W,10932245,2023-03-31 00:00:00,003,12-31,2023-01-01 00:00:00,011999,期末现金,26180952000
01810.HK,01810,小米集团-W,10932245,2022-12-31 00:00:00,001,12-31,2022-01-01 00:00:00,001001,除税前溢利(业务利润),3933956000
01810.HK,01810,小米集团-W,10932245,2022-12-31 00:00:00,001,12-31,2022-01-01 00:00:00,001002,减:利息收入,1663941000
01810.HK,01810,小米集团-W,10932245,2022-12-31 00:00:00,001,12-31,2022-01-01 00:00:00,001003,加:利息支出,546483000
01810.HK,01810,小米集团-W,10932245,2022-12-31 00:00:00,001,12-31,2022-01-01 00:00:00,001004,减:投资收益,125299000
01810.HK,01810,小米集团-W,10932245,2022-12-31 00:00:00,001,12-31,2022-01-01 00:00:00,001006,加:减值及拨备,8463389000
01810.HK,01810,小米集团-W,10932245,2022-12-31 00:00:00,001,12-31,2022-01-01 00:00:00,001008,减:出售资产之溢利,134655000
01810.HK,01810,小米集团-W,10932245,2022-12-31 00:00:00,001,12-31,2022-01-01 00:00:00,001009,加:折旧及摊销,3707393000
01810.HK,01810,小米集团-W,10932245,2022-12-31 00:00:00,001,12-31,2022-01-01 00:00:00,001010,减:汇兑收益,-998602000
01810.HK,01810,小米集团-W,10932245,2022-12-31 00:00:00,001,12-31,2022-01-01 00:00:00,001997,加:经营调整其他项目,4559468000
01810.HK,01810,小米集团-W,10932245,2022-12-31 00:00:00,001,12-31,2022-01-01 00:00:00,001999,营运资金变动前经营溢利,20285396000
01810.HK,01810,小米集团-W,10932245,2022-12-31 00:00:00,001,12-31,2022-01-01 00:00:00,002001,存货(增加)减少,-5448990000
01810.HK,01810,小米集团-W,10932245,2022-12-31 00:00:00,001,12-31,2022-01-01 00:00:00,002002,应收帐款减少,4346873000
01810.HK,01810,小米集团-W,10932245,2022-12-31 00:00:00,001,12-31,2022-01-01 00:00:00,002004,应付帐款及应计费用增加(减少),-20514286000
01810.HK,01810,小米集团-W,10932245,2022-12-31 00:00:00,001,12-31,2022-01-01 00:00:00,002006,营运资本变动其他项目,1353124000
01810.HK,01810,小米集团-W,10932245,2022-12-31 00:00:00,001,12-31,2022-01-01 00:00:00,002007,预付款项、按金及其他应收款项减少(增加),1743564000
01810.HK,01810,小米集团-W,10932245,2022-12-31 00:00:00,001,12-31,2022-01-01 00:00:00,002008,预收账款、按金及其他应付款增加(减少),-540598000
01810.HK,01810,小米集团-W,10932245,2022-12-31 00:00:00,001,12-31,2022-01-01 00:00:00,002012,贷款和垫款(增加)减少,-2545224000
01810.HK,01810,小米集团-W,10932245,2022-12-31 00:00:00,001,12-31,2022-01-01 00:00:00,002014,存款(增加)减少,350688000
01810.HK,01810,小米集团-W,10932245,2022-12-31 00:00:00,001,12-31,2022-01-01 00:00:00,002999,经营产生现金,-969453000
01810.HK,01810,小米集团-W,10932245,2022-12-31 00:00:00,001,12-31,2022-01-01 00:00:00,003003,已付税项,3420277000
01810.HK,01810,小米集团-W,10932245,2022-12-31 00:00:00,001,12-31,2022-01-01 00:00:00,003999,经营业务现金净额,-4389730000
01810.HK,01810,小米集团-W,10932245,2022-12-31 00:00:00,001,12-31,2022-01-01 00:00:00,005001,已收利息(投资),1301900000
01810.HK,01810,小米集团-W,10932245,2022-12-31 00:00:00,001,12-31,2022-01-01 00:00:00,005002,已收股息(投资),201561000
01810.HK,01810,小米集团-W,10932245,2022-12-31 00:00:00,001,12-31,2022-01-01 00:00:00,005003,存款减少(增加),2272482000
01810.HK,01810,小米集团-W,10932245,2022-12-31 00:00:00,001,12-31,2022-01-01 00:00:00,005004,处置固定资产,17334000
01810.HK,01810,小米集团-W,10932245,2022-12-31 00:00:00,001,12-31,2022-01-01 00:00:00,005005,购建固定资产,5799570000
01810.HK,01810,小米集团-W,10932245,2022-12-31 00:00:00,001,12-31,2022-01-01 00:00:00,005009,收购附属公司,25106000
01810.HK,01810,小米集团-W,10932245,2022-12-31 00:00:00,001,12-31,2022-01-01 00:00:00,005010,收回投资所得现金,99567147000
01810.HK,01810,小米集团-W,10932245,2022-12-31 00:00:00,001,12-31,2022-01-01 00:00:00,005011,投资支付现金,81986975000
01810.HK,01810,小米集团-W,10932245,2022-12-31 00:00:00,001,12-31,2022-01-01 00:00:00,005999,投资业务现金净额,15548773000
01810.HK,01810,小米集团-W,10932245,2022-12-31 00:00:00,001,12-31,2022-01-01 00:00:00,006999,融资前现金净额,11159043000
01810.HK,01810,小米集团-W,10932245,2022-12-31 00:00:00,001,12-31,2022-01-01 00:00:00,007001,新增借款,19857851000
01810.HK,01810,小米集团-W,10932245,2022-12-31 00:00:00,001,12-31,2022-01-01 00:00:00,007002,偿还借款,23655586000
01810.HK,01810,小米集团-W,10932245,2022-12-31 00:00:00,001,12-31,2022-01-01 00:00:00,007004,已付股息(融资),255576000
01810.HK,01810,小米集团-W,10932245,2022-12-31 00:00:00,001,12-31,2022-01-01 00:00:00,007005,吸收投资所得,806000000
01810.HK,01810,小米集团-W,10932245,2022-12-31 00:00:00,001,12-31,2022-01-01 00:00:00,007008,回购股份,2386143000
01810.HK,01810,小米集团-W,10932245,2022-12-31 00:00:00,001,12-31,2022-01-01 00:00:00,007011,偿还融资租赁,1281785000
01810.HK,01810,小米集团-W,10932245,2022-12-31 00:00:00,001,12-31,2022-01-01 00:00:00,007997,融资业务其他项目,-939560000
01810.HK,01810,小米集团-W,10932245,2022-12-31 00:00:00,001,12-31,2022-01-01 00:00:00,007999,融资业务现金净额,-7854799000
01810.HK,01810,小米集团-W,10932245,2022-12-31 00:00:00,001,12-31,2022-01-01 00:00:00,010999,现金净额,3304244000
01810.HK,01810,小米集团-W,10932245,2022-12-31 00:00:00,001,12-31,2022-01-01 00:00:00,011001,期初现金,23511579000
01810.HK,01810,小米集团-W,10932245,2022-12-31 00:00:00,001,12-31,2022-01-01 00:00:00,011997,期间变动其他项目,791438000
01810.HK,01810,小米集团-W,10932245,2022-12-31 00:00:00,001,12-31,2022-01-01 00:00:00,011999,期末现金,27607261000
01810.HK,01810,小米集团-W,10932245,2022-09-30 00:00:00,004,12-31,2022-01-01 00:00:00,003999,经营业务现金净额,-8501936000
01810.HK,01810,小米集团-W,10932245,2022-09-30 00:00:00,004,12-31,2022-01-01 00:00:00,005999,投资业务现金净额,16256913000
01810.HK,01810,小米集团-W,10932245,2022-09-30 00:00:00,004,12-31,2022-01-01 00:00:00,006999,融资前现金净额,7754977000
01810.HK,01810,小米集团-W,10932245,2022-09-30 00:00:00,004,12-31,2022-01-01 00:00:00,007999,融资业务现金净额,-4237818000
01810.HK,01810,小米集团-W,10932245,2022-09-30 00:00:00,004,12-31,2022-01-01 00:00:00,010999,现金净额,3517159000
01810.HK,01810,小米集团-W,10932245,2022-09-30 00:00:00,004,12-31,2022-01-01 00:00:00,011001,期初现金,23511579000
01810.HK,01810,小米集团-W,10932245,2022-09-30 00:00:00,004,12-31,2022-01-01 00:00:00,011997,期间变动其他项目,1042361000
01810.HK,01810,小米集团-W,10932245,2022-09-30 00:00:00,004,12-31,2022-01-01 00:00:00,011999,期末现金,28071099000
01810.HK,01810,小米集团-W,10932245,2022-06-30 00:00:00,002,12-31,2022-01-01 00:00:00,002999,经营产生现金,-5118325000
01810.HK,01810,小米集团-W,10932245,2022-06-30 00:00:00,002,12-31,2022-01-01 00:00:00,003003,已付税项,1913099000
01810.HK,01810,小米集团-W,10932245,2022-06-30 00:00:00,002,12-31,2022-01-01 00:00:00,003999,经营业务现金净额,-7031424000
01810.HK,01810,小米集团-W,10932245,2022-06-30 00:00:00,002,12-31,2022-01-01 00:00:00,005001,已收利息(投资),445399000
01810.HK,01810,小米集团-W,10932245,2022-06-30 00:00:00,002,12-31,2022-01-01 00:00:00,005002,已收股息(投资),92511000
01810.HK,01810,小米集团-W,10932245,2022-06-30 00:00:00,002,12-31,2022-01-01 00:00:00,005003,存款减少(增加),695355000
01810.HK,01810,小米集团-W,10932245,2022-06-30 00:00:00,002,12-31,2022-01-01 00:00:00,005004,处置固定资产,14608000
01810.HK,01810,小米集团-W,10932245,2022-06-30 00:00:00,002,12-31,2022-01-01 00:00:00,005005,购建固定资产,2717280000
01810.HK,01810,小米集团-W,10932245,2022-06-30 00:00:00,002,12-31,2022-01-01 00:00:00,005010,收回投资所得现金,60128179000
01810.HK,01810,小米集团-W,10932245,2022-06-30 00:00:00,002,12-31,2022-01-01 00:00:00,005011,投资支付现金,51031414000
01810.HK,01810,小米集团-W,10932245,2022-06-30 00:00:00,002,12-31,2022-01-01 00:00:00,005999,投资业务现金净额,7627358000
01810.HK,01810,小米集团-W,10932245,2022-06-30 00:00:00,002,12-31,2022-01-01 00:00:00,006999,融资前现金净额,595934000
01810.HK,01810,小米集团-W,10932245,2022-06-30 00:00:00,002,12-31,2022-01-01 00:00:00,007001,新增借款,15425360000
01810.HK,01810,小米集团-W,10932245,2022-06-30 00:00:00,002,12-31,2022-01-01 00:00:00,007002,偿还借款,10202349000
01810.HK,01810,小米集团-W,10932245,2022-06-30 00:00:00,002,12-31,2022-01-01 00:00:00,007005,吸收投资所得,536700000
01810.HK,01810,小米集团-W,10932245,2022-06-30 00:00:00,002,12-31,2022-01-01 00:00:00,007008,回购股份,1038588000
01810.HK,01810,小米集团-W,10932245,2022-06-30 00:00:00,002,12-31,2022-01-01 00:00:00,007011,偿还融资租赁,669994000
01810.HK,01810,小米集团-W,10932245,2022-06-30 00:00:00,002,12-31,2022-01-01 00:00:00,007997,融资业务其他项目,-417353000
01810.HK,01810,小米集团-W,10932245,2022-06-30 00:00:00,002,12-31,2022-01-01 00:00:00,007999,融资业务现金净额,3633776000
01810.HK,01810,小米集团-W,10932245,2022-06-30 00:00:00,002,12-31,2022-01-01 00:00:00,010999,现金净额,4229710000
01810.HK,01810,小米集团-W,10932245,2022-06-30 00:00:00,002,12-31,2022-01-01 00:00:00,011001,期初现金,23511579000
01810.HK,01810,小米集团-W,10932245,2022-06-30 00:00:00,002,12-31,2022-01-01 00:00:00,011997,期间变动其他项目,441813000
01810.HK,01810,小米集团-W,10932245,2022-06-30 00:00:00,002,12-31,2022-01-01 00:00:00,011999,期末现金,28183102000
01810.HK,01810,小米集团-W,10932245,2022-03-31 00:00:00,003,12-31,2022-01-01 00:00:00,003999,经营业务现金净额,-8680606000
01810.HK,01810,小米集团-W,10932245,2022-03-31 00:00:00,003,12-31,2022-01-01 00:00:00,005999,投资业务现金净额,17569436000
01810.HK,01810,小米集团-W,10932245,2022-03-31 00:00:00,003,12-31,2022-01-01 00:00:00,006999,融资前现金净额,8888830000
01810.HK,01810,小米集团-W,10932245,2022-03-31 00:00:00,003,12-31,2022-01-01 00:00:00,007999,融资业务现金净额,2351588000
01810.HK,01810,小米集团-W,10932245,2022-03-31 00:00:00,003,12-31,2022-01-01 00:00:00,010999,现金净额,11240418000
01810.HK,01810,小米集团-W,10932245,2022-03-31 00:00:00,003,12-31,2022-01-01 00:00:00,011001,期初现金,23511579000
01810.HK,01810,小米集团-W,10932245,2022-03-31 00:00:00,003,12-31,2022-01-01 00:00:00,011997,期间变动其他项目,-37833000
01810.HK,01810,小米集团-W,10932245,2022-03-31 00:00:00,003,12-31,2022-01-01 00:00:00,011999,期末现金,34714164000
01810.HK,01810,小米集团-W,10932245,2021-12-31 00:00:00,001,12-31,2021-01-01 00:00:00,001001,除税前溢利(业务利润),24417033000
01810.HK,01810,小米集团-W,10932245,2021-12-31 00:00:00,001,12-31,2021-01-01 00:00:00,001002,减:利息收入,1229826000
01810.HK,01810,小米集团-W,10932245,2021-12-31 00:00:00,001,12-31,2021-01-01 00:00:00,001003,加:利息支出,2841457000
01810.HK,01810,小米集团-W,10932245,2021-12-31 00:00:00,001,12-31,2021-01-01 00:00:00,001004,减:投资收益,2634379000
01810.HK,01810,小米集团-W,10932245,2021-12-31 00:00:00,001,12-31,2021-01-01 00:00:00,001006,加:减值及拨备,6705299000
01810.HK,01810,小米集团-W,10932245,2021-12-31 00:00:00,001,12-31,2021-01-01 00:00:00,001007,减:重估盈余,7722876000
01810.HK,01810,小米集团-W,10932245,2021-12-31 00:00:00,001,12-31,2021-01-01 00:00:00,001008,减:出售资产之溢利,4336000
01810.HK,01810,小米集团-W,10932245,2021-12-31 00:00:00,001,12-31,2021-01-01 00:00:00,001009,加:折旧及摊销,3061646000
01810.HK,01810,小米集团-W,10932245,2021-12-31 00:00:00,001,12-31,2021-01-01 00:00:00,001010,减:汇兑收益,-483287000
01810.HK,01810,小米集团-W,10932245,2021-12-31 00:00:00,001,12-31,2021-01-01 00:00:00,001011,加:购股权开支,-2035569000
01810.HK,01810,小米集团-W,10932245,2021-12-31 00:00:00,001,12-31,2021-01-01 00:00:00,001999,营运资金变动前经营溢利,27952874000
01810.HK,01810,小米集团-W,10932245,2021-12-31 00:00:00,001,12-31,2021-01-01 00:00:00,002001,存货(增加)减少,-13746697000
01810.HK,01810,小米集团-W,10932245,2021-12-31 00:00:00,001,12-31,2021-01-01 00:00:00,002002,应收帐款减少,-7548686000
01810.HK,01810,小米集团-W,10932245,2021-12-31 00:00:00,001,12-31,2021-01-01 00:00:00,002004,应付帐款及应计费用增加(减少),2456421000
01810.HK,01810,小米集团-W,10932245,2021-12-31 00:00:00,001,12-31,2021-01-01 00:00:00,002006,营运资本变动其他项目,1414983000
01810.HK,01810,小米集团-W,10932245,2021-12-31 00:00:00,001,12-31,2021-01-01 00:00:00,002007,预付款项、按金及其他应收款项减少(增加),-7083938000
01810.HK,01810,小米集团-W,10932245,2021-12-31 00:00:00,001,12-31,2021-01-01 00:00:00,002008,预收账款、按金及其他应付款增加(减少),4068696000
01810.HK,01810,小米集团-W,10932245,2021-12-31 00:00:00,001,12-31,2021-01-01 00:00:00,002012,贷款和垫款(增加)减少,3706922000
01810.HK,01810,小米集团-W,10932245,2021-12-31 00:00:00,001,12-31,2021-01-01 00:00:00,002014,存款(增加)减少,1007208000
01810.HK,01810,小米集团-W,10932245,2021-12-31 00:00:00,001,12-31,2021-01-01 00:00:00,002999,经营产生现金,12227783000
01810.HK,01810,小米集团-W,10932245,2021-12-31 00:00:00,001,12-31,2021-01-01 00:00:00,003003,已付税项,2442495000
01810.HK,01810,小米集团-W,10932245,2021-12-31 00:00:00,001,12-31,2021-01-01 00:00:00,003999,经营业务现金净额,9785288000
01810.HK,01810,小米集团-W,10932245,2021-12-31 00:00:00,001,12-31,2021-01-01 00:00:00,005001,已收利息(投资),1228830000
01810.HK,01810,小米集团-W,10932245,2021-12-31 00:00:00,001,12-31,2021-01-01 00:00:00,005002,已收股息(投资),229612000
01810.HK,01810,小米集团-W,10932245,2021-12-31 00:00:00,001,12-31,2021-01-01 00:00:00,005003,存款减少(增加),-22278586000
01810.HK,01810,小米集团-W,10932245,2021-12-31 00:00:00,001,12-31,2021-01-01 00:00:00,005004,处置固定资产,35365000
01810.HK,01810,小米集团-W,10932245,2021-12-31 00:00:00,001,12-31,2021-01-01 00:00:00,005005,购建固定资产,7169313000
01810.HK,01810,小米集团-W,10932245,2021-12-31 00:00:00,001,12-31,2021-01-01 00:00:00,005009,收购附属公司,1086477000
01810.HK,01810,小米集团-W,10932245,2021-12-31 00:00:00,001,12-31,2021-01-01 00:00:00,005010,收回投资所得现金,172157374000
01810.HK,01810,小米集团-W,10932245,2021-12-31 00:00:00,001,12-31,2021-01-01 00:00:00,005011,投资支付现金,188124750000
01810.HK,01810,小米集团-W,10932245,2021-12-31 00:00:00,001,12-31,2021-01-01 00:00:00,005999,投资业务现金净额,-45007945000
01810.HK,01810,小米集团-W,10932245,2021-12-31 00:00:00,001,12-31,2021-01-01 00:00:00,006999,融资前现金净额,-35222657000
01810.HK,01810,小米集团-W,10932245,2021-12-31 00:00:00,001,12-31,2021-01-01 00:00:00,007001,新增借款,22528578000
01810.HK,01810,小米集团-W,10932245,2021-12-31 00:00:00,001,12-31,2021-01-01 00:00:00,007002,偿还借款,13301236000
01810.HK,01810,小米集团-W,10932245,2021-12-31 00:00:00,001,12-31,2021-01-01 00:00:00,007005,吸收投资所得,3471000000
01810.HK,01810,小米集团-W,10932245,2021-12-31 00:00:00,001,12-31,2021-01-01 00:00:00,007008,回购股份,7006824000
01810.HK,01810,小米集团-W,10932245,2021-12-31 00:00:00,001,12-31,2021-01-01 00:00:00,007011,偿还融资租赁,1115859000
01810.HK,01810,小米集团-W,10932245,2021-12-31 00:00:00,001,12-31,2021-01-01 00:00:00,007012,受限制存款及现金增加(减少),500000000
01810.HK,01810,小米集团-W,10932245,2021-12-31 00:00:00,001,12-31,2021-01-01 00:00:00,007997,融资业务其他项目,-576973000
01810.HK,01810,小米集团-W,10932245,2021-12-31 00:00:00,001,12-31,2021-01-01 00:00:00,007999,融资业务现金净额,4498686000
01810.HK,01810,小米集团-W,10932245,2021-12-31 00:00:00,001,12-31,2021-01-01 00:00:00,010999,现金净额,-30723971000
01810.HK,01810,小米集团-W,10932245,2021-12-31 00:00:00,001,12-31,2021-01-01 00:00:00,011001,期初现金,54752443000
01810.HK,01810,小米集团-W,10932245,2021-12-31 00:00:00,001,12-31,2021-01-01 00:00:00,011997,期间变动其他项目,-516893000
01810.HK,01810,小米集团-W,10932245,2021-12-31 00:00:00,001,12-31,2021-01-01 00:00:00,011999,期末现金,23511579000
01810.HK,01810,小米集团-W,10932245,2021-09-30 00:00:00,004,12-31,2021-01-01 00:00:00,003999,经营业务现金净额,-1946374000
01810.HK,01810,小米集团-W,10932245,2021-09-30 00:00:00,004,12-31,2021-01-01 00:00:00,005999,投资业务现金净额,-24936419000
01810.HK,01810,小米集团-W,10932245,2021-09-30 00:00:00,004,12-31,2021-01-01 00:00:00,006999,融资前现金净额,-26882793000
01810.HK,01810,小米集团-W,10932245,2021-09-30 00:00:00,004,12-31,2021-01-01 00:00:00,007999,融资业务现金净额,5048736000
01810.HK,01810,小米集团-W,10932245,2021-09-30 00:00:00,004,12-31,2021-01-01 00:00:00,010999,现金净额,-21834057000
01810.HK,01810,小米集团-W,10932245,2021-09-30 00:00:00,004,12-31,2021-01-01 00:00:00,011001,期初现金,54752443000
01810.HK,01810,小米集团-W,10932245,2021-09-30 00:00:00,004,12-31,2021-01-01 00:00:00,011997,期间变动其他项目,-268884000
01810.HK,01810,小米集团-W,10932245,2021-09-30 00:00:00,004,12-31,2021-01-01 00:00:00,011999,期末现金,32649502000
01810.HK,01810,小米集团-W,10932245,2021-06-30 00:00:00,002,12-31,2021-01-01 00:00:00,002999,经营产生现金,9533448000
01810.HK,01810,小米集团-W,10932245,2021-06-30 00:00:00,002,12-31,2021-01-01 00:00:00,003003,已付税项,1249124000
01810.HK,01810,小米集团-W,10932245,2021-06-30 00:00:00,002,12-31,2021-01-01 00:00:00,003999,经营业务现金净额,8284324000
01810.HK,01810,小米集团-W,10932245,2021-06-30 00:00:00,002,12-31,2021-01-01 00:00:00,005001,已收利息(投资),542012000
01810.HK,01810,小米集团-W,10932245,2021-06-30 00:00:00,002,12-31,2021-01-01 00:00:00,005002,已收股息(投资),188327000
01810.HK,01810,小米集团-W,10932245,2021-06-30 00:00:00,002,12-31,2021-01-01 00:00:00,005003,存款减少(增加),-21009718000
01810.HK,01810,小米集团-W,10932245,2021-06-30 00:00:00,002,12-31,2021-01-01 00:00:00,005004,处置固定资产,7237000
01810.HK,01810,小米集团-W,10932245,2021-06-30 00:00:00,002,12-31,2021-01-01 00:00:00,005005,购建固定资产,1828851000
01810.HK,01810,小米集团-W,10932245,2021-06-30 00:00:00,002,12-31,2021-01-01 00:00:00,005010,收回投资所得现金,104101580000
01810.HK,01810,小米集团-W,10932245,2021-06-30 00:00:00,002,12-31,2021-01-01 00:00:00,005011,投资支付现金,113987916000
01810.HK,01810,小米集团-W,10932245,2021-06-30 00:00:00,002,12-31,2021-01-01 00:00:00,005999,投资业务现金净额,-31987329000
01810.HK,01810,小米集团-W,10932245,2021-06-30 00:00:00,002,12-31,2021-01-01 00:00:00,006999,融资前现金净额,-23703005000
01810.HK,01810,小米集团-W,10932245,2021-06-30 00:00:00,002,12-31,2021-01-01 00:00:00,007001,新增借款,7460286000
01810.HK,01810,小米集团-W,10932245,2021-06-30 00:00:00,002,12-31,2021-01-01 00:00:00,007002,偿还借款,5447710000
01810.HK,01810,小米集团-W,10932245,2021-06-30 00:00:00,002,12-31,2021-01-01 00:00:00,007005,吸收投资所得,3371000000
01810.HK,01810,小米集团-W,10932245,2021-06-30 00:00:00,002,12-31,2021-01-01 00:00:00,007008,回购股份,4165454000
01810.HK,01810,小米集团-W,10932245,2021-06-30 00:00:00,002,12-31,2021-01-01 00:00:00,007011,偿还融资租赁,413690000
01810.HK,01810,小米集团-W,10932245,2021-06-30 00:00:00,002,12-31,2021-01-01 00:00:00,007012,受限制存款及现金增加(减少),500000000
01810.HK,01810,小米集团-W,10932245,2021-06-30 00:00:00,002,12-31,2021-01-01 00:00:00,007997,融资业务其他项目,-234342000
01810.HK,01810,小米集团-W,10932245,2021-06-30 00:00:00,002,12-31,2021-01-01 00:00:00,007999,融资业务现金净额,1070090000
01810.HK,01810,小米集团-W,10932245,2021-06-30 00:00:00,002,12-31,2021-01-01 00:00:00,010999,现金净额,-22632915000
01810.HK,01810,小米集团-W,10932245,2021-06-30 00:00:00,002,12-31,2021-01-01 00:00:00,011001,期初现金,54752443000
01810.HK,01810,小米集团-W,10932245,2021-06-30 00:00:00,002,12-31,2021-01-01 00:00:00,011997,期间变动其他项目,-238488000
01810.HK,01810,小米集团-W,10932245,2021-06-30 00:00:00,002,12-31,2021-01-01 00:00:00,011999,期末现金,31881040000
01810.HK,01810,小米集团-W,10932245,2021-03-31 00:00:00,003,12-31,2021-01-01 00:00:00,003999,经营业务现金净额,1453986000
01810.HK,01810,小米集团-W,10932245,2021-03-31 00:00:00,003,12-31,2021-01-01 00:00:00,005999,投资业务现金净额,-25546673000
01810.HK,01810,小米集团-W,10932245,2021-03-31 00:00:00,003,12-31,2021-01-01 00:00:00,007999,融资业务现金净额,3583567000
01810.HK,01810,小米集团-W,10932245,2021-03-31 00:00:00,003,12-31,2021-01-01 00:00:00,010999,现金净额,-20509120000
01810.HK,01810,小米集团-W,10932245,2021-03-31 00:00:00,003,12-31,2021-01-01 00:00:00,011001,期初现金,54752443000
01810.HK,01810,小米集团-W,10932245,2021-03-31 00:00:00,003,12-31,2021-01-01 00:00:00,011997,期间变动其他项目,36183000
01810.HK,01810,小米集团-W,10932245,2021-03-31 00:00:00,003,12-31,2021-01-01 00:00:00,011999,期末现金,34279506000
01810.HK,01810,小米集团-W,10932245,2020-12-31 00:00:00,001,12-31,2020-01-01 00:00:00,001001,除税前溢利(业务利润),21633432000
01810.HK,01810,小米集团-W,10932245,2020-12-31 00:00:00,001,12-31,2020-01-01 00:00:00,001002,减:利息收入,963555000
01810.HK,01810,小米集团-W,10932245,2020-12-31 00:00:00,001,12-31,2020-01-01 00:00:00,001003,加:利息支出,3364852000
01810.HK,01810,小米集团-W,10932245,2020-12-31 00:00:00,001,12-31,2020-01-01 00:00:00,001004,减:投资收益,1742322000
01810.HK,01810,小米集团-W,10932245,2020-12-31 00:00:00,001,12-31,2020-01-01 00:00:00,001006,加:减值及拨备,5669207000
01810.HK,01810,小米集团-W,10932245,2020-12-31 00:00:00,001,12-31,2020-01-01 00:00:00,001007,减:重估盈余,13173479000
01810.HK,01810,小米集团-W,10932245,2020-12-31 00:00:00,001,12-31,2020-01-01 00:00:00,001008,减:出售资产之溢利,6475000
01810.HK,01810,小米集团-W,10932245,2020-12-31 00:00:00,001,12-31,2020-01-01 00:00:00,001009,加:折旧及摊销,1708461000
01810.HK,01810,小米集团-W,10932245,2020-12-31 00:00:00,001,12-31,2020-01-01 00:00:00,001010,减:汇兑收益,-693222000
01810.HK,01810,小米集团-W,10932245,2020-12-31 00:00:00,001,12-31,2020-01-01 00:00:00,001011,加:购股权开支,2328319000
01810.HK,01810,小米集团-W,10932245,2020-12-31 00:00:00,001,12-31,2020-01-01 00:00:00,001999,营运资金变动前经营溢利,19511662000
01810.HK,01810,小米集团-W,10932245,2020-12-31 00:00:00,001,12-31,2020-01-01 00:00:00,002001,存货(增加)减少,-11602421000
01810.HK,01810,小米集团-W,10932245,2020-12-31 00:00:00,001,12-31,2020-01-01 00:00:00,002002,应收帐款减少,-4272814000
01810.HK,01810,小米集团-W,10932245,2020-12-31 00:00:00,001,12-31,2020-01-01 00:00:00,002004,应付帐款及应计费用增加(减少),10341399000
01810.HK,01810,小米集团-W,10932245,2020-12-31 00:00:00,001,12-31,2020-01-01 00:00:00,002006,营运资本变动其他项目,608647000
01810.HK,01810,小米集团-W,10932245,2020-12-31 00:00:00,001,12-31,2020-01-01 00:00:00,002007,预付款项、按金及其他应收款项减少(增加),7390455000
01810.HK,01810,小米集团-W,10932245,2020-12-31 00:00:00,001,12-31,2020-01-01 00:00:00,002008,预收账款、按金及其他应付款增加(减少),3534327000
01810.HK,01810,小米集团-W,10932245,2020-12-31 00:00:00,001,12-31,2020-01-01 00:00:00,002012,贷款和垫款(增加)减少,727548000
01810.HK,01810,小米集团-W,10932245,2020-12-31 00:00:00,001,12-31,2020-01-01 00:00:00,002014,存款(增加)减少,-2407001000
01810.HK,01810,小米集团-W,10932245,2020-12-31 00:00:00,001,12-31,2020-01-01 00:00:00,002999,经营产生现金,23831802000
01810.HK,01810,小米集团-W,10932245,2020-12-31 00:00:00,001,12-31,2020-01-01 00:00:00,003003,已付税项,1953302000
01810.HK,01810,小米集团-W,10932245,2020-12-31 00:00:00,001,12-31,2020-01-01 00:00:00,003999,经营业务现金净额,21878500000
01810.HK,01810,小米集团-W,10932245,2020-12-31 00:00:00,001,12-31,2020-01-01 00:00:00,005001,已收利息(投资),1052389000
01810.HK,01810,小米集团-W,10932245,2020-12-31 00:00:00,001,12-31,2020-01-01 00:00:00,005002,已收股息(投资),119612000
01810.HK,01810,小米集团-W,10932245,2020-12-31 00:00:00,001,12-31,2020-01-01 00:00:00,005003,存款减少(增加),-5456293000
01810.HK,01810,小米集团-W,10932245,2020-12-31 00:00:00,001,12-31,2020-01-01 00:00:00,005004,处置固定资产,63088000
01810.HK,01810,小米集团-W,10932245,2020-12-31 00:00:00,001,12-31,2020-01-01 00:00:00,005005,购建固定资产,3025523000
01810.HK,01810,小米集团-W,10932245,2020-12-31 00:00:00,001,12-31,2020-01-01 00:00:00,005009,收购附属公司,-38517000
01810.HK,01810,小米集团-W,10932245,2020-12-31 00:00:00,001,12-31,2020-01-01 00:00:00,005010,收回投资所得现金,195770505000
01810.HK,01810,小米集团-W,10932245,2020-12-31 00:00:00,001,12-31,2020-01-01 00:00:00,005011,投资支付现金,206241147000
01810.HK,01810,小米集团-W,10932245,2020-12-31 00:00:00,001,12-31,2020-01-01 00:00:00,005999,投资业务现金净额,-17678852000
01810.HK,01810,小米集团-W,10932245,2020-12-31 00:00:00,001,12-31,2020-01-01 00:00:00,006999,融资前现金净额,4199648000
01810.HK,01810,小米集团-W,10932245,2020-12-31 00:00:00,001,12-31,2020-01-01 00:00:00,007001,新增借款,30582175000
01810.HK,01810,小米集团-W,10932245,2020-12-31 00:00:00,001,12-31,2020-01-01 00:00:00,007002,偿还借款,32586382000
01810.HK,01810,小米集团-W,10932245,2020-12-31 00:00:00,001,12-31,2020-01-01 00:00:00,007005,吸收投资所得,3429000000
01810.HK,01810,小米集团-W,10932245,2020-12-31 00:00:00,001,12-31,2020-01-01 00:00:00,007006,发行股份,19907936000
01810.HK,01810,小米集团-W,10932245,2020-12-31 00:00:00,001,12-31,2020-01-01 00:00:00,007008,回购股份,454872000
01810.HK,01810,小米集团-W,10932245,2020-12-31 00:00:00,001,12-31,2020-01-01 00:00:00,007010,发行债券,5801022000
01810.HK,01810,小米集团-W,10932245,2020-12-31 00:00:00,001,12-31,2020-01-01 00:00:00,007011,偿还融资租赁,493899000
01810.HK,01810,小米集团-W,10932245,2020-12-31 00:00:00,001,12-31,2020-01-01 00:00:00,007012,受限制存款及现金增加(减少),275823000
01810.HK,01810,小米集团-W,10932245,2020-12-31 00:00:00,001,12-31,2020-01-01 00:00:00,007997,融资业务其他项目,-245235000
01810.HK,01810,小米集团-W,10932245,2020-12-31 00:00:00,001,12-31,2020-01-01 00:00:00,007999,融资业务现金净额,26215568000
01810.HK,01810,小米集团-W,10932245,2020-12-31 00:00:00,001,12-31,2020-01-01 00:00:00,010999,现金净额,30415216000
01810.HK,01810,小米集团-W,10932245,2020-12-31 00:00:00,001,12-31,2020-01-01 00:00:00,011001,期初现金,25919861000
01810.HK,01810,小米集团-W,10932245,2020-12-31 00:00:00,001,12-31,2020-01-01 00:00:00,011997,期间变动其他项目,-1582634000
01810.HK,01810,小米集团-W,10932245,2020-12-31 00:00:00,001,12-31,2020-01-01 00:00:00,011999,期末现金,54752443000
01810.HK,01810,小米集团-W,10932245,2020-09-30 00:00:00,004,12-31,2020-01-01 00:00:00,003999,经营业务现金净额,8350998000
01810.HK,01810,小米集团-W,10932245,2020-09-30 00:00:00,004,12-31,2020-01-01 00:00:00,005999,投资业务现金净额,-7173063000
01810.HK,01810,小米集团-W,10932245,2020-09-30 00:00:00,004,12-31,2020-01-01 00:00:00,007999,融资业务现金净额,3839898000
01810.HK,01810,小米集团-W,10932245,2020-09-30 00:00:00,004,12-31,2020-01-01 00:00:00,010999,现金净额,5017833000
01810.HK,01810,小米集团-W,10932245,2020-09-30 00:00:00,004,12-31,2020-01-01 00:00:00,011001,期初现金,25919861000
01810.HK,01810,小米集团-W,10932245,2020-09-30 00:00:00,004,12-31,2020-01-01 00:00:00,011997,期间变动其他项目,-679982000
01810.HK,01810,小米集团-W,10932245,2020-09-30 00:00:00,004,12-31,2020-01-01 00:00:00,011999,期末现金,30257712000
01810.HK,01810,小米集团-W,10932245,2020-06-30 00:00:00,002,12-31,2020-01-01 00:00:00,002999,经营产生现金,-2592853000
01810.HK,01810,小米集团-W,10932245,2020-06-30 00:00:00,002,12-31,2020-01-01 00:00:00,003003,已付税项,1333394000
01810.HK,01810,小米集团-W,10932245,2020-06-30 00:00:00,002,12-31,2020-01-01 00:00:00,003999,经营业务现金净额,-3926247000
01810.HK,01810,小米集团-W,10932245,2020-06-30 00:00:00,002,12-31,2020-01-01 00:00:00,005001,已收利息(投资),601361000
01810.HK,01810,小米集团-W,10932245,2020-06-30 00:00:00,002,12-31,2020-01-01 00:00:00,005002,已收股息(投资),39765000
01810.HK,01810,小米集团-W,10932245,2020-06-30 00:00:00,002,12-31,2020-01-01 00:00:00,005003,存款减少(增加),-856072000
01810.HK,01810,小米集团-W,10932245,2020-06-30 00:00:00,002,12-31,2020-01-01 00:00:00,005004,处置固定资产,4368000
01810.HK,01810,小米集团-W,10932245,2020-06-30 00:00:00,002,12-31,2020-01-01 00:00:00,005005,购建固定资产,1129238000
01810.HK,01810,小米集团-W,10932245,2020-06-30 00:00:00,002,12-31,2020-01-01 00:00:00,005010,收回投资所得现金,55919000000
01810.HK,01810,小米集团-W,10932245,2020-06-30 00:00:00,002,12-31,2020-01-01 00:00:00,005011,投资支付现金,58790944000
01810.HK,01810,小米集团-W,10932245,2020-06-30 00:00:00,002,12-31,2020-01-01 00:00:00,005999,投资业务现金净额,-4211760000
01810.HK,01810,小米集团-W,10932245,2020-06-30 00:00:00,002,12-31,2020-01-01 00:00:00,006999,融资前现金净额,-8138007000
01810.HK,01810,小米集团-W,10932245,2020-06-30 00:00:00,002,12-31,2020-01-01 00:00:00,007001,新增借款,17582749000
01810.HK,01810,小米集团-W,10932245,2020-06-30 00:00:00,002,12-31,2020-01-01 00:00:00,007002,偿还借款,12245760000
01810.HK,01810,小米集团-W,10932245,2020-06-30 00:00:00,002,12-31,2020-01-01 00:00:00,007005,吸收投资所得,31000000
01810.HK,01810,小米集团-W,10932245,2020-06-30 00:00:00,002,12-31,2020-01-01 00:00:00,007008,回购股份,454872000
01810.HK,01810,小米集团-W,10932245,2020-06-30 00:00:00,002,12-31,2020-01-01 00:00:00,007011,偿还融资租赁,257022000
01810.HK,01810,小米集团-W,10932245,2020-06-30 00:00:00,002,12-31,2020-01-01 00:00:00,007012,受限制存款及现金增加(减少),170049000
01810.HK,01810,小米集团-W,10932245,2020-06-30 00:00:00,002,12-31,2020-01-01 00:00:00,007997,融资业务其他项目,-32770000
01810.HK,01810,小米集团-W,10932245,2020-06-30 00:00:00,002,12-31,2020-01-01 00:00:00,007999,融资业务现金净额,4793374000
01810.HK,01810,小米集团-W,10932245,2020-06-30 00:00:00,002,12-31,2020-01-01 00:00:00,010999,现金净额,-3344633000
01810.HK,01810,小米集团-W,10932245,2020-06-30 00:00:00,002,12-31,2020-01-01 00:00:00,011001,期初现金,25919861000
01810.HK,01810,小米集团-W,10932245,2020-06-30 00:00:00,002,12-31,2020-01-01 00:00:00,011997,期间变动其他项目,268088000
01810.HK,01810,小米集团-W,10932245,2020-06-30 00:00:00,002,12-31,2020-01-01 00:00:00,011999,期末现金,22843316000
01810.HK,01810,小米集团-W,10932245,2020-03-31 00:00:00,003,12-31,2020-01-01 00:00:00,003999,经营业务现金净额,-8205339000
01810.HK,01810,小米集团-W,10932245,2020-03-31 00:00:00,003,12-31,2020-01-01 00:00:00,005999,投资业务现金净额,8210391000
01810.HK,01810,小米集团-W,10932245,2020-03-31 00:00:00,003,12-31,2020-01-01 00:00:00,007999,融资业务现金净额,-1231329000
01810.HK,01810,小米集团-W,10932245,2020-03-31 00:00:00,003,12-31,2020-01-01 00:00:00,010999,现金净额,-1226277000
01810.HK,01810,小米集团-W,10932245,2020-03-31 00:00:00,003,12-31,2020-01-01 00:00:00,011001,期初现金,25919861000
01810.HK,01810,小米集团-W,10932245,2020-03-31 00:00:00,003,12-31,2020-01-01 00:00:00,011997,期间变动其他项目,380103000
01810.HK,01810,小米集团-W,10932245,2020-03-31 00:00:00,003,12-31,2020-01-01 00:00:00,011999,期末现金,25073687000
01810.HK,01810,小米集团-W,10932245,2019-12-31 00:00:00,001,12-31,2019-01-01 00:00:00,001001,除税前溢利(业务利润),12162646000
01810.HK,01810,小米集团-W,10932245,2019-12-31 00:00:00,001,12-31,2019-01-01 00:00:00,001002,减:利息收入,930889000
01810.HK,01810,小米集团-W,10932245,2019-12-31 00:00:00,001,12-31,2019-01-01 00:00:00,001003,加:利息支出,528460000
01810.HK,01810,小米集团-W,10932245,2019-12-31 00:00:00,001,12-31,2019-01-01 00:00:00,001004,减:投资收益,48468000
01810.HK,01810,小米集团-W,10932245,2019-12-31 00:00:00,001,12-31,2019-01-01 00:00:00,001006,加:减值及拨备,4958651000
01810.HK,01810,小米集团-W,10932245,2019-12-31 00:00:00,001,12-31,2019-01-01 00:00:00,001007,减:重估盈余,3813012000
01810.HK,01810,小米集团-W,10932245,2019-12-31 00:00:00,001,12-31,2019-01-01 00:00:00,001008,减:出售资产之溢利,5909000
01810.HK,01810,小米集团-W,10932245,2019-12-31 00:00:00,001,12-31,2019-01-01 00:00:00,001009,加:折旧及摊销,1381059000
01810.HK,01810,小米集团-W,10932245,2019-12-31 00:00:00,001,12-31,2019-01-01 00:00:00,001010,减:汇兑收益,34632000
01810.HK,01810,小米集团-W,10932245,2019-12-31 00:00:00,001,12-31,2019-01-01 00:00:00,001011,加:购股权开支,2201722000
01810.HK,01810,小米集团-W,10932245,2019-12-31 00:00:00,001,12-31,2019-01-01 00:00:00,001999,营运资金变动前经营溢利,16399628000
01810.HK,01810,小米集团-W,10932245,2019-12-31 00:00:00,001,12-31,2019-01-01 00:00:00,002001,存货(增加)减少,-6964428000
01810.HK,01810,小米集团-W,10932245,2019-12-31 00:00:00,001,12-31,2019-01-01 00:00:00,002002,应收帐款减少,-1276714000
01810.HK,01810,小米集团-W,10932245,2019-12-31 00:00:00,001,12-31,2019-01-01 00:00:00,002004,应付帐款及应计费用增加(减少),13534575000
01810.HK,01810,小米集团-W,10932245,2019-12-31 00:00:00,001,12-31,2019-01-01 00:00:00,002006,营运资本变动其他项目,1083496000
01810.HK,01810,小米集团-W,10932245,2019-12-31 00:00:00,001,12-31,2019-01-01 00:00:00,002007,预付款项、按金及其他应收款项减少(增加),5715330000
01810.HK,01810,小米集团-W,10932245,2019-12-31 00:00:00,001,12-31,2019-01-01 00:00:00,002008,预收账款、按金及其他应付款增加(减少),1045058000
01810.HK,01810,小米集团-W,10932245,2019-12-31 00:00:00,001,12-31,2019-01-01 00:00:00,002012,贷款和垫款(增加)减少,-3448312000
01810.HK,01810,小米集团-W,10932245,2019-12-31 00:00:00,001,12-31,2019-01-01 00:00:00,002014,存款(增加)减少,-136394000
01810.HK,01810,小米集团-W,10932245,2019-12-31 00:00:00,001,12-31,2019-01-01 00:00:00,002999,经营产生现金,25952239000
01810.HK,01810,小米集团-W,10932245,2019-12-31 00:00:00,001,12-31,2019-01-01 00:00:00,003003,已付税项,2141885000
01810.HK,01810,小米集团-W,10932245,2019-12-31 00:00:00,001,12-31,2019-01-01 00:00:00,003999,经营业务现金净额,23810354000
01810.HK,01810,小米集团-W,10932245,2019-12-31 00:00:00,001,12-31,2019-01-01 00:00:00,005001,已收利息(投资),864226000
01810.HK,01810,小米集团-W,10932245,2019-12-31 00:00:00,001,12-31,2019-01-01 00:00:00,005002,已收股息(投资),347205000
01810.HK,01810,小米集团-W,10932245,2019-12-31 00:00:00,001,12-31,2019-01-01 00:00:00,005003,存款减少(增加),-20793124000
01810.HK,01810,小米集团-W,10932245,2019-12-31 00:00:00,001,12-31,2019-01-01 00:00:00,005004,处置固定资产,67735000
01810.HK,01810,小米集团-W,10932245,2019-12-31 00:00:00,001,12-31,2019-01-01 00:00:00,005005,购建固定资产,3405163000
01810.HK,01810,小米集团-W,10932245,2019-12-31 00:00:00,001,12-31,2019-01-01 00:00:00,005010,收回投资所得现金,129945237000
01810.HK,01810,小米集团-W,10932245,2019-12-31 00:00:00,001,12-31,2019-01-01 00:00:00,005011,投资支付现金,138596252000
01810.HK,01810,小米集团-W,10932245,2019-12-31 00:00:00,001,12-31,2019-01-01 00:00:00,005999,投资业务现金净额,-31570136000
01810.HK,01810,小米集团-W,10932245,2019-12-31 00:00:00,001,12-31,2019-01-01 00:00:00,006999,融资前现金净额,-7759782000
01810.HK,01810,小米集团-W,10932245,2019-12-31 00:00:00,001,12-31,2019-01-01 00:00:00,007001,新增借款,17036724000
01810.HK,01810,小米集团-W,10932245,2019-12-31 00:00:00,001,12-31,2019-01-01 00:00:00,007002,偿还借款,10417425000
01810.HK,01810,小米集团-W,10932245,2019-12-31 00:00:00,001,12-31,2019-01-01 00:00:00,007005,吸收投资所得,155496000
01810.HK,01810,小米集团-W,10932245,2019-12-31 00:00:00,001,12-31,2019-01-01 00:00:00,007008,回购股份,2932111000
01810.HK,01810,小米集团-W,10932245,2019-12-31 00:00:00,001,12-31,2019-01-01 00:00:00,007011,偿还融资租赁,578063000
01810.HK,01810,小米集团-W,10932245,2019-12-31 00:00:00,001,12-31,2019-01-01 00:00:00,007012,受限制存款及现金增加(减少),75773000
01810.HK,01810,小米集团-W,10932245,2019-12-31 00:00:00,001,12-31,2019-01-01 00:00:00,007013,购买子公司少数股权而支付的现金,187000000
01810.HK,01810,小米集团-W,10932245,2019-12-31 00:00:00,001,12-31,2019-01-01 00:00:00,007997,融资业务其他项目,-32156000
01810.HK,01810,小米集团-W,10932245,2019-12-31 00:00:00,001,12-31,2019-01-01 00:00:00,007999,融资业务现金净额,3121238000
01810.HK,01810,小米集团-W,10932245,2019-12-31 00:00:00,001,12-31,2019-01-01 00:00:00,010999,现金净额,-4638544000
01810.HK,01810,小米集团-W,10932245,2019-12-31 00:00:00,001,12-31,2019-01-01 00:00:00,011001,期初现金,30230147000
01810.HK,01810,小米集团-W,10932245,2019-12-31 00:00:00,001,12-31,2019-01-01 00:00:00,011997,期间变动其他项目,328258000
01810.HK,01810,小米集团-W,10932245,2019-12-31 00:00:00,001,12-31,2019-01-01 00:00:00,011999,期末现金,25919861000
01810.HK,01810,小米集团-W,10932245,2019-09-30 00:00:00,004,12-31,2019-01-01 00:00:00,003999,经营业务现金净额,13908001000
01810.HK,01810,小米集团-W,10932245,2019-09-30 00:00:00,004,12-31,2019-01-01 00:00:00,005999,投资业务现金净额,-11768862000
01810.HK,01810,小米集团-W,10932245,2019-09-30 00:00:00,004,12-31,2019-01-01 00:00:00,006999,融资前现金净额,2139139000
01810.HK,01810,小米集团-W,10932245,2019-09-30 00:00:00,004,12-31,2019-01-01 00:00:00,007999,融资业务现金净额,2576968000
01810.HK,01810,小米集团-W,10932245,2019-09-30 00:00:00,004,12-31,2019-01-01 00:00:00,010999,现金净额,4716107000
01810.HK,01810,小米集团-W,10932245,2019-09-30 00:00:00,004,12-31,2019-01-01 00:00:00,011001,期初现金,30230147000
01810.HK,01810,小米集团-W,10932245,2019-09-30 00:00:00,004,12-31,2019-01-01 00:00:00,011997,期间变动其他项目,592910000
01810.HK,01810,小米集团-W,10932245,2019-09-30 00:00:00,004,12-31,2019-01-01 00:00:00,011999,期末现金,35539164000
01810.HK,01810,小米集团-W,10932245,2019-06-30 00:00:00,002,12-31,2019-01-01 00:00:00,002999,经营产生现金,11977895000
01810.HK,01810,小米集团-W,10932245,2019-06-30 00:00:00,002,12-31,2019-01-01 00:00:00,003003,已付税项,1062471000
01810.HK,01810,小米集团-W,10932245,2019-06-30 00:00:00,002,12-31,2019-01-01 00:00:00,003999,经营业务现金净额,10915424000
01810.HK,01810,小米集团-W,10932245,2019-06-30 00:00:00,002,12-31,2019-01-01 00:00:00,005001,已收利息(投资),439415000
01810.HK,01810,小米集团-W,10932245,2019-06-30 00:00:00,002,12-31,2019-01-01 00:00:00,005002,已收股息(投资),124284000
01810.HK,01810,小米集团-W,10932245,2019-06-30 00:00:00,002,12-31,2019-01-01 00:00:00,005003,存款减少(增加),-1285477000
01810.HK,01810,小米集团-W,10932245,2019-06-30 00:00:00,002,12-31,2019-01-01 00:00:00,005004,处置固定资产,63469000
01810.HK,01810,小米集团-W,10932245,2019-06-30 00:00:00,002,12-31,2019-01-01 00:00:00,005005,购建固定资产,1484780000
01810.HK,01810,小米集团-W,10932245,2019-06-30 00:00:00,002,12-31,2019-01-01 00:00:00,005010,收回投资所得现金,52706734000
01810.HK,01810,小米集团-W,10932245,2019-06-30 00:00:00,002,12-31,2019-01-01 00:00:00,005011,投资支付现金,58594199000
01810.HK,01810,小米集团-W,10932245,2019-06-30 00:00:00,002,12-31,2019-01-01 00:00:00,005999,投资业务现金净额,-8030554000
01810.HK,01810,小米集团-W,10932245,2019-06-30 00:00:00,002,12-31,2019-01-01 00:00:00,006999,融资前现金净额,2884870000
01810.HK,01810,小米集团-W,10932245,2019-06-30 00:00:00,002,12-31,2019-01-01 00:00:00,007001,新增借款,6400670000
01810.HK,01810,小米集团-W,10932245,2019-06-30 00:00:00,002,12-31,2019-01-01 00:00:00,007002,偿还借款,3568042000
01810.HK,01810,小米集团-W,10932245,2019-06-30 00:00:00,002,12-31,2019-01-01 00:00:00,007005,吸收投资所得,155496000
01810.HK,01810,小米集团-W,10932245,2019-06-30 00:00:00,002,12-31,2019-01-01 00:00:00,007008,回购股份,982910000
01810.HK,01810,小米集团-W,10932245,2019-06-30 00:00:00,002,12-31,2019-01-01 00:00:00,007011,偿还融资租赁,293517000
01810.HK,01810,小米集团-W,10932245,2019-06-30 00:00:00,002,12-31,2019-01-01 00:00:00,007012,受限制存款及现金增加(减少),95000
01810.HK,01810,小米集团-W,10932245,2019-06-30 00:00:00,002,12-31,2019-01-01 00:00:00,007013,购买子公司少数股权而支付的现金,167400000
01810.HK,01810,小米集团-W,10932245,2019-06-30 00:00:00,002,12-31,2019-01-01 00:00:00,007997,融资业务其他项目,347607000
01810.HK,01810,小米集团-W,10932245,2019-06-30 00:00:00,002,12-31,2019-01-01 00:00:00,007999,融资业务现金净额,1891999000
01810.HK,01810,小米集团-W,10932245,2019-06-30 00:00:00,002,12-31,2019-01-01 00:00:00,010999,现金净额,4776869000
01810.HK,01810,小米集团-W,10932245,2019-06-30 00:00:00,002,12-31,2019-01-01 00:00:00,011001,期初现金,30230147000
01810.HK,01810,小米集团-W,10932245,2019-06-30 00:00:00,002,12-31,2019-01-01 00:00:00,011997,期间变动其他项目,-85988000
01810.HK,01810,小米集团-W,10932245,2019-06-30 00:00:00,002,12-31,2019-01-01 00:00:00,011999,期末现金,34921028000
01810.HK,01810,小米集团-W,10932245,2019-03-31 00:00:00,003,12-31,2019-01-01 00:00:00,003999,经营业务现金净额,-117783000
01810.HK,01810,小米集团-W,10932245,2019-03-31 00:00:00,003,12-31,2019-01-01 00:00:00,005999,投资业务现金净额,-2372212000
01810.HK,01810,小米集团-W,10932245,2019-03-31 00:00:00,003,12-31,2019-01-01 00:00:00,007999,融资业务现金净额,-485696000
01810.HK,01810,小米集团-W,10932245,2019-03-31 00:00:00,003,12-31,2019-01-01 00:00:00,010999,现金净额,-2975691000
01810.HK,01810,小米集团-W,10932245,2019-03-31 00:00:00,003,12-31,2019-01-01 00:00:00,011001,期初现金,30230147000
01810.HK,01810,小米集团-W,10932245,2019-03-31 00:00:00,003,12-31,2019-01-01 00:00:00,011997,期间变动其他项目,-781325000
01810.HK,01810,小米集团-W,10932245,2019-03-31 00:00:00,003,12-31,2019-01-01 00:00:00,011999,期末现金,26473131000
01810.HK,01810,小米集团-W,10932245,2018-12-31 00:00:00,001,12-31,2018-01-01 00:00:00,001001,除税前溢利(业务利润),13927124000
01810.HK,01810,小米集团-W,10932245,2018-12-31 00:00:00,001,12-31,2018-01-01 00:00:00,001002,减:利息收入,601065000
01810.HK,01810,小米集团-W,10932245,2018-12-31 00:00:00,001,12-31,2018-01-01 00:00:00,001003,加:利息支出,384692000
01810.HK,01810,小米集团-W,10932245,2018-12-31 00:00:00,001,12-31,2018-01-01 00:00:00,001004,减:投资收益,-127222000
01810.HK,01810,小米集团-W,10932245,2018-12-31 00:00:00,001,12-31,2018-01-01 00:00:00,001006,加:减值及拨备,3646916000
01810.HK,01810,小米集团-W,10932245,2018-12-31 00:00:00,001,12-31,2018-01-01 00:00:00,001007,减:重估盈余,17099428000
01810.HK,01810,小米集团-W,10932245,2018-12-31 00:00:00,001,12-31,2018-01-01 00:00:00,001008,减:出售资产之溢利,10295000
01810.HK,01810,小米集团-W,10932245,2018-12-31 00:00:00,001,12-31,2018-01-01 00:00:00,001009,加:折旧及摊销,748216000
01810.HK,01810,小米集团-W,10932245,2018-12-31 00:00:00,001,12-31,2018-01-01 00:00:00,001010,减:汇兑收益,-14550000
01810.HK,01810,小米集团-W,10932245,2018-12-31 00:00:00,001,12-31,2018-01-01 00:00:00,001011,加:购股权开支,12380668000
01810.HK,01810,小米集团-W,10932245,2018-12-31 00:00:00,001,12-31,2018-01-01 00:00:00,001999,营运资金变动前经营溢利,13518600000
01810.HK,01810,小米集团-W,10932245,2018-12-31 00:00:00,001,12-31,2018-01-01 00:00:00,002001,存货(增加)减少,-16114975000
01810.HK,01810,小米集团-W,10932245,2018-12-31 00:00:00,001,12-31,2018-01-01 00:00:00,002002,应收帐款减少,-91003000
01810.HK,01810,小米集团-W,10932245,2018-12-31 00:00:00,001,12-31,2018-01-01 00:00:00,002004,应付帐款及应计费用增加(减少),12627385000
01810.HK,01810,小米集团-W,10932245,2018-12-31 00:00:00,001,12-31,2018-01-01 00:00:00,002006,营运资本变动其他项目,-65456000
01810.HK,01810,小米集团-W,10932245,2018-12-31 00:00:00,001,12-31,2018-01-01 00:00:00,002007,预付款项、按金及其他应收款项减少(增加),-8413008000
01810.HK,01810,小米集团-W,10932245,2018-12-31 00:00:00,001,12-31,2018-01-01 00:00:00,002008,预收账款、按金及其他应付款增加(减少),1118058000
01810.HK,01810,小米集团-W,10932245,2018-12-31 00:00:00,001,12-31,2018-01-01 00:00:00,002012,贷款和垫款(增加)减少,-2752183000
01810.HK,01810,小米集团-W,10932245,2018-12-31 00:00:00,001,12-31,2018-01-01 00:00:00,002014,存款(增加)减少,294753000
01810.HK,01810,小米集团-W,10932245,2018-12-31 00:00:00,001,12-31,2018-01-01 00:00:00,002999,经营产生现金,122171000
01810.HK,01810,小米集团-W,10932245,2018-12-31 00:00:00,001,12-31,2018-01-01 00:00:00,003003,已付税项,1536742000
01810.HK,01810,小米集团-W,10932245,2018-12-31 00:00:00,001,12-31,2018-01-01 00:00:00,003999,经营业务现金净额,-1414571000
01810.HK,01810,小米集团-W,10932245,2018-12-31 00:00:00,001,12-31,2018-01-01 00:00:00,005001,已收利息(投资),489816000
01810.HK,01810,小米集团-W,10932245,2018-12-31 00:00:00,001,12-31,2018-01-01 00:00:00,005002,已收股息(投资),131804000
01810.HK,01810,小米集团-W,10932245,2018-12-31 00:00:00,001,12-31,2018-01-01 00:00:00,005003,存款减少(增加),-1157295000
01810.HK,01810,小米集团-W,10932245,2018-12-31 00:00:00,001,12-31,2018-01-01 00:00:00,005004,处置固定资产,27367000
01810.HK,01810,小米集团-W,10932245,2018-12-31 00:00:00,001,12-31,2018-01-01 00:00:00,005005,购建固定资产,3785259000
01810.HK,01810,小米集团-W,10932245,2018-12-31 00:00:00,001,12-31,2018-01-01 00:00:00,005008,出售附属公司,-25655000
01810.HK,01810,小米集团-W,10932245,2018-12-31 00:00:00,001,12-31,2018-01-01 00:00:00,005009,收购附属公司,34936000
01810.HK,01810,小米集团-W,10932245,2018-12-31 00:00:00,001,12-31,2018-01-01 00:00:00,005010,收回投资所得现金,144094865000
01810.HK,01810,小米集团-W,10932245,2018-12-31 00:00:00,001,12-31,2018-01-01 00:00:00,005011,投资支付现金,147248747000
01810.HK,01810,小米集团-W,10932245,2018-12-31 00:00:00,001,12-31,2018-01-01 00:00:00,005999,投资业务现金净额,-7508040000
01810.HK,01810,小米集团-W,10932245,2018-12-31 00:00:00,001,12-31,2018-01-01 00:00:00,006999,融资前现金净额,-8922611000
01810.HK,01810,小米集团-W,10932245,2018-12-31 00:00:00,001,12-31,2018-01-01 00:00:00,007001,新增借款,10269415000
01810.HK,01810,小米集团-W,10932245,2018-12-31 00:00:00,001,12-31,2018-01-01 00:00:00,007002,偿还借款,10505637000
01810.HK,01810,小米集团-W,10932245,2018-12-31 00:00:00,001,12-31,2018-01-01 00:00:00,007005,吸收投资所得,2781000000
01810.HK,01810,小米集团-W,10932245,2018-12-31 00:00:00,001,12-31,2018-01-01 00:00:00,007006,发行股份,23340587000
01810.HK,01810,小米集团-W,10932245,2018-12-31 00:00:00,001,12-31,2018-01-01 00:00:00,007012,受限制存款及现金增加(减少),906900000
01810.HK,01810,小米集团-W,10932245,2018-12-31 00:00:00,001,12-31,2018-01-01 00:00:00,007013,购买子公司少数股权而支付的现金,165000000
01810.HK,01810,小米集团-W,10932245,2018-12-31 00:00:00,001,12-31,2018-01-01 00:00:00,007997,融资业务其他项目,-53093000
01810.HK,01810,小米集团-W,10932245,2018-12-31 00:00:00,001,12-31,2018-01-01 00:00:00,007999,融资业务现金净额,26574172000
01810.HK,01810,小米集团-W,10932245,2018-12-31 00:00:00,001,12-31,2018-01-01 00:00:00,010999,现金净额,17651561000
01810.HK,01810,小米集团-W,10932245,2018-12-31 00:00:00,001,12-31,2018-01-01 00:00:00,011001,期初现金,11563282000
01810.HK,01810,小米集团-W,10932245,2018-12-31 00:00:00,001,12-31,2018-01-01 00:00:00,011997,期间变动其他项目,1015304000
01810.HK,01810,小米集团-W,10932245,2018-12-31 00:00:00,001,12-31,2018-01-01 00:00:00,011999,期末现金,30230147000
01810.HK,01810,小米集团-W,10932245,2018-09-30 00:00:00,004,12-31,2018-01-01 00:00:00,003999,经营业务现金净额,4786246000
01810.HK,01810,小米集团-W,10932245,2018-09-30 00:00:00,004,12-31,2018-01-01 00:00:00,005999,投资业务现金净额,-6053909000
01810.HK,01810,小米集团-W,10932245,2018-09-30 00:00:00,004,12-31,2018-01-01 00:00:00,006999,融资前现金净额,-1267663000
01810.HK,01810,小米集团-W,10932245,2018-09-30 00:00:00,004,12-31,2018-01-01 00:00:00,007999,融资业务现金净额,24195630000
01810.HK,01810,小米集团-W,10932245,2018-09-30 00:00:00,004,12-31,2018-01-01 00:00:00,010999,现金净额,22927967000
01810.HK,01810,小米集团-W,10932245,2018-09-30 00:00:00,004,12-31,2018-01-01 00:00:00,011001,期初现金,11563282000
01810.HK,01810,小米集团-W,10932245,2018-09-30 00:00:00,004,12-31,2018-01-01 00:00:00,011997,期间变动其他项目,717544000
01810.HK,01810,小米集团-W,10932245,2018-09-30 00:00:00,004,12-31,2018-01-01 00:00:00,011999,期末现金,35208793000
01810.HK,01810,小米集团-W,10932245,2018-06-30 00:00:00,002,12-31,2018-01-01 00:00:00,002999,经营产生现金,7050130000
01810.HK,01810,小米集团-W,10932245,2018-06-30 00:00:00,002,12-31,2018-01-01 00:00:00,003003,已付税项,928587000
01810.HK,01810,小米集团-W,10932245,2018-06-30 00:00:00,002,12-31,2018-01-01 00:00:00,003999,经营业务现金净额,6121543000
01810.HK,01810,小米集团-W,10932245,2018-06-30 00:00:00,002,12-31,2018-01-01 00:00:00,005001,已收利息(投资),201874000
01810.HK,01810,小米集团-W,10932245,2018-06-30 00:00:00,002,12-31,2018-01-01 00:00:00,005002,已收股息(投资),119975000
01810.HK,01810,小米集团-W,10932245,2018-06-30 00:00:00,002,12-31,2018-01-01 00:00:00,005003,存款减少(增加),203102000
01810.HK,01810,小米集团-W,10932245,2018-06-30 00:00:00,002,12-31,2018-01-01 00:00:00,005004,处置固定资产,32204000
01810.HK,01810,小米集团-W,10932245,2018-06-30 00:00:00,002,12-31,2018-01-01 00:00:00,005005,购建固定资产,1014684000
01810.HK,01810,小米集团-W,10932245,2018-06-30 00:00:00,002,12-31,2018-01-01 00:00:00,005008,出售附属公司,-25655000
01810.HK,01810,小米集团-W,10932245,2018-06-30 00:00:00,002,12-31,2018-01-01 00:00:00,005009,收购附属公司,34907000
01810.HK,01810,小米集团-W,10932245,2018-06-30 00:00:00,002,12-31,2018-01-01 00:00:00,005010,收回投资所得现金,62229311000
01810.HK,01810,小米集团-W,10932245,2018-06-30 00:00:00,002,12-31,2018-01-01 00:00:00,005011,投资支付现金,65536949000
01810.HK,01810,小米集团-W,10932245,2018-06-30 00:00:00,002,12-31,2018-01-01 00:00:00,005999,投资业务现金净额,-3825729000
01810.HK,01810,小米集团-W,10932245,2018-06-30 00:00:00,002,12-31,2018-01-01 00:00:00,006999,融资前现金净额,2295814000
01810.HK,01810,小米集团-W,10932245,2018-06-30 00:00:00,002,12-31,2018-01-01 00:00:00,007001,新增借款,4834739000
01810.HK,01810,小米集团-W,10932245,2018-06-30 00:00:00,002,12-31,2018-01-01 00:00:00,007002,偿还借款,3066095000
01810.HK,01810,小米集团-W,10932245,2018-06-30 00:00:00,002,12-31,2018-01-01 00:00:00,007005,吸收投资所得,2631000000
01810.HK,01810,小米集团-W,10932245,2018-06-30 00:00:00,002,12-31,2018-01-01 00:00:00,007012,受限制存款及现金增加(减少),-3049504000
01810.HK,01810,小米集团-W,10932245,2018-06-30 00:00:00,002,12-31,2018-01-01 00:00:00,007013,购买子公司少数股权而支付的现金,20000000
01810.HK,01810,小米集团-W,10932245,2018-06-30 00:00:00,002,12-31,2018-01-01 00:00:00,007997,融资业务其他项目,-136958000
01810.HK,01810,小米集团-W,10932245,2018-06-30 00:00:00,002,12-31,2018-01-01 00:00:00,007999,融资业务现金净额,1193182000
01810.HK,01810,小米集团-W,10932245,2018-06-30 00:00:00,002,12-31,2018-01-01 00:00:00,010999,现金净额,3488996000
01810.HK,01810,小米集团-W,10932245,2018-06-30 00:00:00,002,12-31,2018-01-01 00:00:00,011001,期初现金,11563282000
01810.HK,01810,小米集团-W,10932245,2018-06-30 00:00:00,002,12-31,2018-01-01 00:00:00,011997,期间变动其他项目,-158128000
01810.HK,01810,小米集团-W,10932245,2018-06-30 00:00:00,002,12-31,2018-01-01 00:00:00,011999,期末现金,14894150000
01810.HK,01810,小米集团-W,10932245,2018-03-31 00:00:00,003,12-31,2018-01-01 00:00:00,003999,经营业务现金净额,-1277682000
01810.HK,01810,小米集团-W,10932245,2018-03-31 00:00:00,003,12-31,2018-01-01 00:00:00,005999,投资业务现金净额,460647000
01810.HK,01810,小米集团-W,10932245,2018-03-31 00:00:00,003,12-31,2018-01-01 00:00:00,007999,融资业务现金净额,3337476000
01810.HK,01810,小米集团-W,10932245,2018-03-31 00:00:00,003,12-31,2018-01-01 00:00:00,010999,现金净额,2520441000
01810.HK,01810,小米集团-W,10932245,2018-03-31 00:00:00,003,12-31,2018-01-01 00:00:00,011001,期初现金,11563282000
01810.HK,01810,小米集团-W,10932245,2018-03-31 00:00:00,003,12-31,2018-01-01 00:00:00,011997,期间变动其他项目,-56710000
01810.HK,01810,小米集团-W,10932245,2018-03-31 00:00:00,003,12-31,2018-01-01 00:00:00,011999,期末现金,14027013000
01810.HK,01810,小米集团-W,10932245,2017-12-31 00:00:00,001,12-31,2017-01-01 00:00:00,001001,除税前溢利(业务利润),-41829352000
01810.HK,01810,小米集团-W,10932245,2017-12-31 00:00:00,001,12-31,2017-01-01 00:00:00,001002,减:利息收入,242518000
01810.HK,01810,小米集团-W,10932245,2017-12-31 00:00:00,001,12-31,2017-01-01 00:00:00,001003,加:利息支出,215734000
01810.HK,01810,小米集团-W,10932245,2017-12-31 00:00:00,001,12-31,2017-01-01 00:00:00,001004,减:投资收益,183715000
01810.HK,01810,小米集团-W,10932245,2017-12-31 00:00:00,001,12-31,2017-01-01 00:00:00,001006,加:减值及拨备,927995000
01810.HK,01810,小米集团-W,10932245,2017-12-31 00:00:00,001,12-31,2017-01-01 00:00:00,001007,减:重估盈余,-47508497000
01810.HK,01810,小米集团-W,10932245,2017-12-31 00:00:00,001,12-31,2017-01-01 00:00:00,001008,减:出售资产之溢利,513000
01810.HK,01810,小米集团-W,10932245,2017-12-31 00:00:00,001,12-31,2017-01-01 00:00:00,001009,加:折旧及摊销,360956000
01810.HK,01810,小米集团-W,10932245,2017-12-31 00:00:00,001,12-31,2017-01-01 00:00:00,001010,减:汇兑收益,-144265000
01810.HK,01810,小米集团-W,10932245,2017-12-31 00:00:00,001,12-31,2017-01-01 00:00:00,001011,加:购股权开支,909155000
01810.HK,01810,小米集团-W,10932245,2017-12-31 00:00:00,001,12-31,2017-01-01 00:00:00,001999,营运资金变动前经营溢利,7810504000
01810.HK,01810,小米集团-W,10932245,2017-12-31 00:00:00,001,12-31,2017-01-01 00:00:00,002001,存货(增加)减少,-8617146000
01810.HK,01810,小米集团-W,10932245,2017-12-31 00:00:00,001,12-31,2017-01-01 00:00:00,002002,应收帐款减少,-3396954000
01810.HK,01810,小米集团-W,10932245,2017-12-31 00:00:00,001,12-31,2017-01-01 00:00:00,002004,应付帐款及应计费用增加(减少),15476486000
01810.HK,01810,小米集团-W,10932245,2017-12-31 00:00:00,001,12-31,2017-01-01 00:00:00,002006,营运资本变动其他项目,912603000
01810.HK,01810,小米集团-W,10932245,2017-12-31 00:00:00,001,12-31,2017-01-01 00:00:00,002007,预付款项、按金及其他应收款项减少(增加),-5070104000
01810.HK,01810,小米集团-W,10932245,2017-12-31 00:00:00,001,12-31,2017-01-01 00:00:00,002008,预收账款、按金及其他应付款增加(减少),2056983000
01810.HK,01810,小米集团-W,10932245,2017-12-31 00:00:00,001,12-31,2017-01-01 00:00:00,002012,贷款和垫款(增加)减少,-6856767000
01810.HK,01810,小米集团-W,10932245,2017-12-31 00:00:00,001,12-31,2017-01-01 00:00:00,002014,存款(增加)减少,-1788284000
01810.HK,01810,小米集团-W,10932245,2017-12-31 00:00:00,001,12-31,2017-01-01 00:00:00,002999,经营产生现金,527321000
01810.HK,01810,小米集团-W,10932245,2017-12-31 00:00:00,001,12-31,2017-01-01 00:00:00,003003,已付税项,1522990000
01810.HK,01810,小米集团-W,10932245,2017-12-31 00:00:00,001,12-31,2017-01-01 00:00:00,003999,经营业务现金净额,-995669000
01810.HK,01810,小米集团-W,10932245,2017-12-31 00:00:00,001,12-31,2017-01-01 00:00:00,005001,已收利息(投资),266054000
01810.HK,01810,小米集团-W,10932245,2017-12-31 00:00:00,001,12-31,2017-01-01 00:00:00,005002,已收股息(投资),141548000
01810.HK,01810,小米集团-W,10932245,2017-12-31 00:00:00,001,12-31,2017-01-01 00:00:00,005003,存款减少(增加),193428000
01810.HK,01810,小米集团-W,10932245,2017-12-31 00:00:00,001,12-31,2017-01-01 00:00:00,005004,处置固定资产,1531000
01810.HK,01810,小米集团-W,10932245,2017-12-31 00:00:00,001,12-31,2017-01-01 00:00:00,005005,购建固定资产,1217806000
01810.HK,01810,小米集团-W,10932245,2017-12-31 00:00:00,001,12-31,2017-01-01 00:00:00,005010,收回投资所得现金,113832257000
01810.HK,01810,小米集团-W,10932245,2017-12-31 00:00:00,001,12-31,2017-01-01 00:00:00,005011,投资支付现金,115894726000
01810.HK,01810,小米集团-W,10932245,2017-12-31 00:00:00,001,12-31,2017-01-01 00:00:00,005999,投资业务现金净额,-2677714000
01810.HK,01810,小米集团-W,10932245,2017-12-31 00:00:00,001,12-31,2017-01-01 00:00:00,006999,融资前现金净额,-3673383000
01810.HK,01810,小米集团-W,10932245,2017-12-31 00:00:00,001,12-31,2017-01-01 00:00:00,007001,新增借款,11174861000
01810.HK,01810,小米集团-W,10932245,2017-12-31 00:00:00,001,12-31,2017-01-01 00:00:00,007002,偿还借款,4531248000
01810.HK,01810,小米集团-W,10932245,2017-12-31 00:00:00,001,12-31,2017-01-01 00:00:00,007006,发行股份,67573000
01810.HK,01810,小米集团-W,10932245,2017-12-31 00:00:00,001,12-31,2017-01-01 00:00:00,007012,受限制存款及现金增加(减少),-288872000
01810.HK,01810,小米集团-W,10932245,2017-12-31 00:00:00,001,12-31,2017-01-01 00:00:00,007997,融资业务其他项目,-207384000
01810.HK,01810,小米集团-W,10932245,2017-12-31 00:00:00,001,12-31,2017-01-01 00:00:00,007999,融资业务现金净额,6214930000
01810.HK,01810,小米集团-W,10932245,2017-12-31 00:00:00,001,12-31,2017-01-01 00:00:00,010999,现金净额,2541547000
01810.HK,01810,小米集团-W,10932245,2017-12-31 00:00:00,001,12-31,2017-01-01 00:00:00,011001,期初现金,9230320000
01810.HK,01810,小米集团-W,10932245,2017-12-31 00:00:00,001,12-31,2017-01-01 00:00:00,011997,期间变动其他项目,-208585000
01810.HK,01810,小米集团-W,10932245,2017-12-31 00:00:00,001,12-31,2017-01-01 00:00:00,011999,期末现金,11563282000
01810.HK,01810,小米集团-W,10932245,2017-09-30 00:00:00,004,12-31,2017-01-01 00:00:00,003999,经营业务现金净额,3294922000
01810.HK,01810,小米集团-W,10932245,2017-09-30 00:00:00,004,12-31,2017-01-01 00:00:00,005999,投资业务现金净额,-5469570000
01810.HK,01810,小米集团-W,10932245,2017-09-30 00:00:00,004,12-31,2017-01-01 00:00:00,006999,融资前现金净额,-2174648000
01810.HK,01810,小米集团-W,10932245,2017-09-30 00:00:00,004,12-31,2017-01-01 00:00:00,007999,融资业务现金净额,4410662000
01810.HK,01810,小米集团-W,10932245,2017-09-30 00:00:00,004,12-31,2017-01-01 00:00:00,010999,现金净额,2236014000
01810.HK,01810,小米集团-W,10932245,2017-09-30 00:00:00,004,12-31,2017-01-01 00:00:00,011001,期初现金,9230320000
01810.HK,01810,小米集团-W,10932245,2017-09-30 00:00:00,004,12-31,2017-01-01 00:00:00,011997,期间变动其他项目,-211329000
01810.HK,01810,小米集团-W,10932245,2017-09-30 00:00:00,004,12-31,2017-01-01 00:00:00,011999,期末现金,11255005000
01810.HK,01810,小米集团-W,10932245,2017-06-30 00:00:00,002,12-31,2017-01-01 00:00:00,002999,经营产生现金,2386430000
01810.HK,01810,小米集团-W,10932245,2017-06-30 00:00:00,002,12-31,2017-01-01 00:00:00,003003,已付税项,447792000
01810.HK,01810,小米集团-W,10932245,2017-06-30 00:00:00,002,12-31,2017-01-01 00:00:00,003999,经营业务现金净额,1938638000
01810.HK,01810,小米集团-W,10932245,2017-06-30 00:00:00,002,12-31,2017-01-01 00:00:00,005001,已收利息(投资),78110000
01810.HK,01810,小米集团-W,10932245,2017-06-30 00:00:00,002,12-31,2017-01-01 00:00:00,005002,已收股息(投资),128454000
01810.HK,01810,小米集团-W,10932245,2017-06-30 00:00:00,002,12-31,2017-01-01 00:00:00,005003,存款减少(增加),325322000
01810.HK,01810,小米集团-W,10932245,2017-06-30 00:00:00,002,12-31,2017-01-01 00:00:00,005004,处置固定资产,1741000
01810.HK,01810,小米集团-W,10932245,2017-06-30 00:00:00,002,12-31,2017-01-01 00:00:00,005005,购建固定资产,430315000
01810.HK,01810,小米集团-W,10932245,2017-06-30 00:00:00,002,12-31,2017-01-01 00:00:00,005010,收回投资所得现金,37247882000
01810.HK,01810,小米集团-W,10932245,2017-06-30 00:00:00,002,12-31,2017-01-01 00:00:00,005011,投资支付现金,39168528000
01810.HK,01810,小米集团-W,10932245,2017-06-30 00:00:00,002,12-31,2017-01-01 00:00:00,005999,投资业务现金净额,-1817334000
01810.HK,01810,小米集团-W,10932245,2017-06-30 00:00:00,002,12-31,2017-01-01 00:00:00,006999,融资前现金净额,121304000
01810.HK,01810,小米集团-W,10932245,2017-06-30 00:00:00,002,12-31,2017-01-01 00:00:00,007001,新增借款,3144092000
01810.HK,01810,小米集团-W,10932245,2017-06-30 00:00:00,002,12-31,2017-01-01 00:00:00,007002,偿还借款,300000000
01810.HK,01810,小米集团-W,10932245,2017-06-30 00:00:00,002,12-31,2017-01-01 00:00:00,007012,受限制存款及现金增加(减少),152018000
01810.HK,01810,小米集团-W,10932245,2017-06-30 00:00:00,002,12-31,2017-01-01 00:00:00,007997,融资业务其他项目,-28997000
01810.HK,01810,小米集团-W,10932245,2017-06-30 00:00:00,002,12-31,2017-01-01 00:00:00,007999,融资业务现金净额,2967113000
01810.HK,01810,小米集团-W,10932245,2017-06-30 00:00:00,002,12-31,2017-01-01 00:00:00,010999,现金净额,3088417000
01810.HK,01810,小米集团-W,10932245,2017-06-30 00:00:00,002,12-31,2017-01-01 00:00:00,011001,期初现金,9230320000
01810.HK,01810,小米集团-W,10932245,2017-06-30 00:00:00,002,12-31,2017-01-01 00:00:00,011997,期间变动其他项目,-238164000
01810.HK,01810,小米集团-W,10932245,2017-06-30 00:00:00,002,12-31,2017-01-01 00:00:00,011999,期末现金,12080573000
01810.HK,01810,小米集团-W,10932245,2017-03-31 00:00:00,003,12-31,2017-01-01 00:00:00,001001,除税前溢利(业务利润),-7522103000
01810.HK,01810,小米集团-W,10932245,2017-03-31 00:00:00,003,12-31,2017-01-01 00:00:00,001002,减:利息收入,27526000
01810.HK,01810,小米集团-W,10932245,2017-03-31 00:00:00,003,12-31,2017-01-01 00:00:00,001003,加:利息支出,39647000
01810.HK,01810,小米集团-W,10932245,2017-03-31 00:00:00,003,12-31,2017-01-01 00:00:00,001004,减:投资收益,-49821000
01810.HK,01810,小米集团-W,10932245,2017-03-31 00:00:00,003,12-31,2017-01-01 00:00:00,001006,加:减值及拨备,86781000
01810.HK,01810,小米集团-W,10932245,2017-03-31 00:00:00,003,12-31,2017-01-01 00:00:00,001007,减:重估盈余,-8284775000
01810.HK,01810,小米集团-W,10932245,2017-03-31 00:00:00,003,12-31,2017-01-01 00:00:00,001008,减:出售资产之溢利,470000
01810.HK,01810,小米集团-W,10932245,2017-03-31 00:00:00,003,12-31,2017-01-01 00:00:00,001009,加:折旧及摊销,73720000
01810.HK,01810,小米集团-W,10932245,2017-03-31 00:00:00,003,12-31,2017-01-01 00:00:00,001010,减:汇兑收益,-76654000
01810.HK,01810,小米集团-W,10932245,2017-03-31 00:00:00,003,12-31,2017-01-01 00:00:00,001011,加:购股权开支,136176000
01810.HK,01810,小米集团-W,10932245,2017-03-31 00:00:00,003,12-31,2017-01-01 00:00:00,001999,营运资金变动前经营溢利,1197475000
01810.HK,01810,小米集团-W,10932245,2017-03-31 00:00:00,003,12-31,2017-01-01 00:00:00,002001,存货(增加)减少,-1062089000
01810.HK,01810,小米集团-W,10932245,2017-03-31 00:00:00,003,12-31,2017-01-01 00:00:00,002002,应收帐款减少,-1058867000
01810.HK,01810,小米集团-W,10932245,2017-03-31 00:00:00,003,12-31,2017-01-01 00:00:00,002004,应付帐款及应计费用增加(减少),1152468000
01810.HK,01810,小米集团-W,10932245,2017-03-31 00:00:00,003,12-31,2017-01-01 00:00:00,002006,营运资本变动其他项目,191915000
01810.HK,01810,小米集团-W,10932245,2017-03-31 00:00:00,003,12-31,2017-01-01 00:00:00,002007,预付款项、按金及其他应收款项减少(增加),-825739000
01810.HK,01810,小米集团-W,10932245,2017-03-31 00:00:00,003,12-31,2017-01-01 00:00:00,002008,预收账款、按金及其他应付款增加(减少),308014000
01810.HK,01810,小米集团-W,10932245,2017-03-31 00:00:00,003,12-31,2017-01-01 00:00:00,002012,贷款和垫款(增加)减少,-1034595000
01810.HK,01810,小米集团-W,10932245,2017-03-31 00:00:00,003,12-31,2017-01-01 00:00:00,002014,存款(增加)减少,-3027000
01810.HK,01810,小米集团-W,10932245,2017-03-31 00:00:00,003,12-31,2017-01-01 00:00:00,002999,经营产生现金,-1134445000
01810.HK,01810,小米集团-W,10932245,2017-03-31 00:00:00,003,12-31,2017-01-01 00:00:00,003003,已付税项,112251000
01810.HK,01810,小米集团-W,10932245,2017-03-31 00:00:00,003,12-31,2017-01-01 00:00:00,003999,经营业务现金净额,-1246696000
01810.HK,01810,小米集团-W,10932245,2017-03-31 00:00:00,003,12-31,2017-01-01 00:00:00,005001,已收利息(投资),25449000
01810.HK,01810,小米集团-W,10932245,2017-03-31 00:00:00,003,12-31,2017-01-01 00:00:00,005002,已收股息(投资),2704000
01810.HK,01810,小米集团-W,10932245,2017-03-31 00:00:00,003,12-31,2017-01-01 00:00:00,005003,存款减少(增加),345779000
01810.HK,01810,小米集团-W,10932245,2017-03-31 00:00:00,003,12-31,2017-01-01 00:00:00,005004,处置固定资产,472000
01810.HK,01810,小米集团-W,10932245,2017-03-31 00:00:00,003,12-31,2017-01-01 00:00:00,005005,购建固定资产,178284000
01810.HK,01810,小米集团-W,10932245,2017-03-31 00:00:00,003,12-31,2017-01-01 00:00:00,005010,收回投资所得现金,16294893000
01810.HK,01810,小米集团-W,10932245,2017-03-31 00:00:00,003,12-31,2017-01-01 00:00:00,005011,投资支付现金,13831156000
01810.HK,01810,小米集团-W,10932245,2017-03-31 00:00:00,003,12-31,2017-01-01 00:00:00,005999,投资业务现金净额,2659857000
01810.HK,01810,小米集团-W,10932245,2017-03-31 00:00:00,003,12-31,2017-01-01 00:00:00,007001,新增借款,1664000000
01810.HK,01810,小米集团-W,10932245,2017-03-31 00:00:00,003,12-31,2017-01-01 00:00:00,007002,偿还借款,300000000
01810.HK,01810,小米集团-W,10932245,2017-03-31 00:00:00,003,12-31,2017-01-01 00:00:00,007003,已付利息(融资),26856000
01810.HK,01810,小米集团-W,10932245,2017-03-31 00:00:00,003,12-31,2017-01-01 00:00:00,007999,融资业务现金净额,1337144000
01810.HK,01810,小米集团-W,10932245,2017-03-31 00:00:00,003,12-31,2017-01-01 00:00:00,010999,现金净额,2750305000
01810.HK,01810,小米集团-W,10932245,2017-03-31 00:00:00,003,12-31,2017-01-01 00:00:00,011001,期初现金,9230320000
01810.HK,01810,小米集团-W,10932245,2017-03-31 00:00:00,003,12-31,2017-01-01 00:00:00,011997,期间变动其他项目,-68054000
01810.HK,01810,小米集团-W,10932245,2017-03-31 00:00:00,003,12-31,2017-01-01 00:00:00,011999,期末现金,11912571000
01810.HK,01810,小米集团-W,10932245,2016-12-31 00:00:00,001,12-31,2016-01-01 00:00:00,001001,除税前溢利(业务利润),1175509000
01810.HK,01810,小米集团-W,10932245,2016-12-31 00:00:00,001,12-31,2016-01-01 00:00:00,001002,减:利息收入,89233000
01810.HK,01810,小米集团-W,10932245,2016-12-31 00:00:00,001,12-31,2016-01-01 00:00:00,001003,加:利息支出,175479000
01810.HK,01810,小米集团-W,10932245,2016-12-31 00:00:00,001,12-31,2016-01-01 00:00:00,001004,减:投资收益,51063000
01810.HK,01810,小米集团-W,10932245,2016-12-31 00:00:00,001,12-31,2016-01-01 00:00:00,001006,加:减值及拨备,728948000
01810.HK,01810,小米集团-W,10932245,2016-12-31 00:00:00,001,12-31,2016-01-01 00:00:00,001007,减:重估盈余,114418000
01810.HK,01810,小米集团-W,10932245,2016-12-31 00:00:00,001,12-31,2016-01-01 00:00:00,001008,减:出售资产之溢利,11170000
01810.HK,01810,小米集团-W,10932245,2016-12-31 00:00:00,001,12-31,2016-01-01 00:00:00,001009,加:折旧及摊销,240031000
01810.HK,01810,小米集团-W,10932245,2016-12-31 00:00:00,001,12-31,2016-01-01 00:00:00,001010,减:汇兑收益,-54291000
01810.HK,01810,小米集团-W,10932245,2016-12-31 00:00:00,001,12-31,2016-01-01 00:00:00,001011,加:购股权开支,871230000
01810.HK,01810,小米集团-W,10932245,2016-12-31 00:00:00,001,12-31,2016-01-01 00:00:00,001999,营运资金变动前经营溢利,2979604000
01810.HK,01810,小米集团-W,10932245,2016-12-31 00:00:00,001,12-31,2016-01-01 00:00:00,002001,存货(增加)减少,-15204000
01810.HK,01810,小米集团-W,10932245,2016-12-31 00:00:00,001,12-31,2016-01-01 00:00:00,002002,应收帐款减少,-628852000
01810.HK,01810,小米集团-W,10932245,2016-12-31 00:00:00,001,12-31,2016-01-01 00:00:00,002004,应付帐款及应计费用增加(减少),3352162000
01810.HK,01810,小米集团-W,10932245,2016-12-31 00:00:00,001,12-31,2016-01-01 00:00:00,002006,营运资本变动其他项目,484597000
01810.HK,01810,小米集团-W,10932245,2016-12-31 00:00:00,001,12-31,2016-01-01 00:00:00,002007,预付款项、按金及其他应收款项减少(增加),-418981000
01810.HK,01810,小米集团-W,10932245,2016-12-31 00:00:00,001,12-31,2016-01-01 00:00:00,002008,预收账款、按金及其他应付款增加(减少),426003000
01810.HK,01810,小米集团-W,10932245,2016-12-31 00:00:00,001,12-31,2016-01-01 00:00:00,002012,贷款和垫款(增加)减少,-1522238000
01810.HK,01810,小米集团-W,10932245,2016-12-31 00:00:00,001,12-31,2016-01-01 00:00:00,002014,存款(增加)减少,57426000
01810.HK,01810,小米集团-W,10932245,2016-12-31 00:00:00,001,12-31,2016-01-01 00:00:00,002999,经营产生现金,4714517000
01810.HK,01810,小米集团-W,10932245,2016-12-31 00:00:00,001,12-31,2016-01-01 00:00:00,003003,已付税项,183253000
01810.HK,01810,小米集团-W,10932245,2016-12-31 00:00:00,001,12-31,2016-01-01 00:00:00,003999,经营业务现金净额,4531264000
01810.HK,01810,小米集团-W,10932245,2016-12-31 00:00:00,001,12-31,2016-01-01 00:00:00,005001,已收利息(投资),106983000
01810.HK,01810,小米集团-W,10932245,2016-12-31 00:00:00,001,12-31,2016-01-01 00:00:00,005002,已收股息(投资),104255000
01810.HK,01810,小米集团-W,10932245,2016-12-31 00:00:00,001,12-31,2016-01-01 00:00:00,005003,存款减少(增加),299204000
01810.HK,01810,小米集团-W,10932245,2016-12-31 00:00:00,001,12-31,2016-01-01 00:00:00,005004,处置固定资产,49855000
01810.HK,01810,小米集团-W,10932245,2016-12-31 00:00:00,001,12-31,2016-01-01 00:00:00,005005,购建固定资产,1826245000
01810.HK,01810,小米集团-W,10932245,2016-12-31 00:00:00,001,12-31,2016-01-01 00:00:00,005010,收回投资所得现金,53502171000
01810.HK,01810,小米集团-W,10932245,2016-12-31 00:00:00,001,12-31,2016-01-01 00:00:00,005011,投资支付现金,55971490000
01810.HK,01810,小米集团-W,10932245,2016-12-31 00:00:00,001,12-31,2016-01-01 00:00:00,005999,投资业务现金净额,-3735267000
01810.HK,01810,小米集团-W,10932245,2016-12-31 00:00:00,001,12-31,2016-01-01 00:00:00,007001,新增借款,740000000
01810.HK,01810,小米集团-W,10932245,2016-12-31 00:00:00,001,12-31,2016-01-01 00:00:00,007002,偿还借款,50000000
01810.HK,01810,小米集团-W,10932245,2016-12-31 00:00:00,001,12-31,2016-01-01 00:00:00,007003,已付利息(融资),137811000
01810.HK,01810,小米集团-W,10932245,2016-12-31 00:00:00,001,12-31,2016-01-01 00:00:00,007012,受限制存款及现金增加(减少),-624330000
01810.HK,01810,小米集团-W,10932245,2016-12-31 00:00:00,001,12-31,2016-01-01 00:00:00,007999,融资业务现金净额,-72141000
01810.HK,01810,小米集团-W,10932245,2016-12-31 00:00:00,001,12-31,2016-01-01 00:00:00,010999,现金净额,723856000
01810.HK,01810,小米集团-W,10932245,2016-12-31 00:00:00,001,12-31,2016-01-01 00:00:00,011001,期初现金,8394078000
01810.HK,01810,小米集团-W,10932245,2016-12-31 00:00:00,001,12-31,2016-01-01 00:00:00,011997,期间变动其他项目,112386000
01810.HK,01810,小米集团-W,10932245,2016-12-31 00:00:00,001,12-31,2016-01-01 00:00:00,011999,期末现金,9230320000
01810.HK,01810,小米集团-W,10932245,2015-12-31 00:00:00,001,12-31,2015-01-01 00:00:00,001001,除税前溢利(业务利润),-7472511000
01810.HK,01810,小米集团-W,10932245,2015-12-31 00:00:00,001,12-31,2015-01-01 00:00:00,001002,减:利息收入,37682000
01810.HK,01810,小米集团-W,10932245,2015-12-31 00:00:00,001,12-31,2015-01-01 00:00:00,001003,加:利息支出,123549000
01810.HK,01810,小米集团-W,10932245,2015-12-31 00:00:00,001,12-31,2015-01-01 00:00:00,001004,减:投资收益,303940000
01810.HK,01810,小米集团-W,10932245,2015-12-31 00:00:00,001,12-31,2015-01-01 00:00:00,001006,加:减值及拨备,1230298000
01810.HK,01810,小米集团-W,10932245,2015-12-31 00:00:00,001,12-31,2015-01-01 00:00:00,001007,减:重估盈余,-5412445000
01810.HK,01810,小米集团-W,10932245,2015-12-31 00:00:00,001,12-31,2015-01-01 00:00:00,001008,减:出售资产之溢利,279000
01810.HK,01810,小米集团-W,10932245,2015-12-31 00:00:00,001,12-31,2015-01-01 00:00:00,001009,加:折旧及摊销,206461000
01810.HK,01810,小米集团-W,10932245,2015-12-31 00:00:00,001,12-31,2015-01-01 00:00:00,001010,减:汇兑收益,-506528000
01810.HK,01810,小米集团-W,10932245,2015-12-31 00:00:00,001,12-31,2015-01-01 00:00:00,001011,加:购股权开支,690742000
01810.HK,01810,小米集团-W,10932245,2015-12-31 00:00:00,001,12-31,2015-01-01 00:00:00,001999,营运资金变动前经营溢利,355611000
01810.HK,01810,小米集团-W,10932245,2015-12-31 00:00:00,001,12-31,2015-01-01 00:00:00,002001,存货(增加)减少,-777398000
01810.HK,01810,小米集团-W,10932245,2015-12-31 00:00:00,001,12-31,2015-01-01 00:00:00,002002,应收帐款减少,-529748000
01810.HK,01810,小米集团-W,10932245,2015-12-31 00:00:00,001,12-31,2015-01-01 00:00:00,002004,应付帐款及应计费用增加(减少),1601403000
01810.HK,01810,小米集团-W,10932245,2015-12-31 00:00:00,001,12-31,2015-01-01 00:00:00,002006,营运资本变动其他项目,109055000
01810.HK,01810,小米集团-W,10932245,2015-12-31 00:00:00,001,12-31,2015-01-01 00:00:00,002007,预付款项、按金及其他应收款项减少(增加),-878739000
01810.HK,01810,小米集团-W,10932245,2015-12-31 00:00:00,001,12-31,2015-01-01 00:00:00,002008,预收账款、按金及其他应付款增加(减少),-2435752000
01810.HK,01810,小米集团-W,10932245,2015-12-31 00:00:00,001,12-31,2015-01-01 00:00:00,002012,贷款和垫款(增加)减少,-102927000
01810.HK,01810,小米集团-W,10932245,2015-12-31 00:00:00,001,12-31,2015-01-01 00:00:00,002014,存款(增加)减少,364740000
01810.HK,01810,小米集团-W,10932245,2015-12-31 00:00:00,001,12-31,2015-01-01 00:00:00,002999,经营产生现金,-2293755000
01810.HK,01810,小米集团-W,10932245,2015-12-31 00:00:00,001,12-31,2015-01-01 00:00:00,003003,已付税项,307556000
01810.HK,01810,小米集团-W,10932245,2015-12-31 00:00:00,001,12-31,2015-01-01 00:00:00,003999,经营业务现金净额,-2601311000
01810.HK,01810,小米集团-W,10932245,2015-12-31 00:00:00,001,12-31,2015-01-01 00:00:00,005001,已收利息(投资),198285000
01810.HK,01810,小米集团-W,10932245,2015-12-31 00:00:00,001,12-31,2015-01-01 00:00:00,005002,已收股息(投资),7510000
01810.HK,01810,小米集团-W,10932245,2015-12-31 00:00:00,001,12-31,2015-01-01 00:00:00,005003,存款减少(增加),14534000
01810.HK,01810,小米集团-W,10932245,2015-12-31 00:00:00,001,12-31,2015-01-01 00:00:00,005004,处置固定资产,398000
01810.HK,01810,小米集团-W,10932245,2015-12-31 00:00:00,001,12-31,2015-01-01 00:00:00,005005,购建固定资产,2524356000
01810.HK,01810,小米集团-W,10932245,2015-12-31 00:00:00,001,12-31,2015-01-01 00:00:00,005010,收回投资所得现金,79514546000
01810.HK,01810,小米集团-W,10932245,2015-12-31 00:00:00,001,12-31,2015-01-01 00:00:00,005011,投资支付现金,76337522000
01810.HK,01810,小米集团-W,10932245,2015-12-31 00:00:00,001,12-31,2015-01-01 00:00:00,005999,投资业务现金净额,873395000
01810.HK,01810,小米集团-W,10932245,2015-12-31 00:00:00,001,12-31,2015-01-01 00:00:00,007001,新增借款,3246800000
01810.HK,01810,小米集团-W,10932245,2015-12-31 00:00:00,001,12-31,2015-01-01 00:00:00,007002,偿还借款,4001826000
01810.HK,01810,小米集团-W,10932245,2015-12-31 00:00:00,001,12-31,2015-01-01 00:00:00,007003,已付利息(融资),67083000
01810.HK,01810,小米集团-W,10932245,2015-12-31 00:00:00,001,12-31,2015-01-01 00:00:00,007006,发行股份,1390492000
01810.HK,01810,小米集团-W,10932245,2015-12-31 00:00:00,001,12-31,2015-01-01 00:00:00,007999,融资业务现金净额,568383000
01810.HK,01810,小米集团-W,10932245,2015-12-31 00:00:00,001,12-31,2015-01-01 00:00:00,010999,现金净额,-1159533000
01810.HK,01810,小米集团-W,10932245,2015-12-31 00:00:00,001,12-31,2015-01-01 00:00:00,011001,期初现金,9264955000
01810.HK,01810,小米集团-W,10932245,2015-12-31 00:00:00,001,12-31,2015-01-01 00:00:00,011997,期间变动其他项目,288656000
01810.HK,01810,小米集团-W,10932245,2015-12-31 00:00:00,001,12-31,2015-01-01 00:00:00,011999,期末现金,8394078000
